Indicators,iso1,iso2,iso3,iso4,iso5
AG.CON.FERT.ZS,0.459213500492192,0.238923058616344,0.150975142401048,0.0868319438102966,0.270215010681722
AG.LND.AGRI.ZS,0.116755454251449,0.24147641290846,0.191548964347872,0.1117437497726,0.189609911323853
AG.LND.ARBL.HA.PC,0.227859465408933,0.39614301036973,0.155319339845912,0.109806036400558,0.185987638770615
AG.LND.ARBL.ZS,0.222337001869993,0.33001100528714,0.133672547579412,0.132410282366153,0.12237516393844
AG.LND.CROP.ZS,0.152537950443711,0.151589531773589,0.134963452336536,0.148018277380702,0.155938933648097
AG.LND.FRST.ZS,0.14437971884929,0.179344839473408,0.40076509892694,0.242002894149643,0.142770622297763
AG.LND.PRCP.MM,0.248630606084743,0.292627867862154,0.546322557983565,0.306359133334262,0.170964788964809
AG.PRD.CROP.XD,0.255094674680904,0.141271251255101,0.100842387740219,0.103646812663773,0.138000888279721
AG.PRD.FOOD.XD,0.309699980468995,0.0976175214763597,0.109047681027249,0.124689825078561,0.201533783596122
AG.PRD.LVSK.XD,0.293686504393465,0.0971250994433496,0.126732152351391,0.127957552208611,0.218426480656205
AG.YLD.CREL.KG,0.648379078886755,0.144587931986806,0.176287016158228,0.229235089858505,0.191502263193347
BG.GSR.NFSV.GD.ZS,0.252490479442604,0.186311723474101,0.105875873311016,0.129713329190997,0.237656498138462
BM.GSR.CMCP.ZS,0.273593833306019,0.147112293749596,0.129117128963809,0.202906118723942,0.121097766770579
BM.GSR.INSF.ZS,0.126173180815202,0.29913638540459,0.0947484363233486,0.14992864009699,0.136080016958606
BM.GSR.TRAN.ZS,0.44453707837234,0.118203820265595,0.0936425502644038,0.192538874560978,0.0864401577282275
BM.GSR.TRVL.ZS,0.298508938828137,0.123942317480371,0.137397958344924,0.137840841146103,0.107913387528783
BM.KLT.DINV.WD.GD.ZS,0.35750557263702,0.0965881520374399,0.183690705509379,0.210226009189917,0.118673911762009
BN.CAB.XOKA.GD.ZS,0.240107900266494,0.150101071836856,0.114274750437069,0.188538095694939,0.345845629813235
BX.GSR.CCIS.ZS,0.128238206537458,0.0679920776756288,0.06547072466414,0.116630486566898,0.11969190858879
BX.GSR.CMCP.ZS,0.177571599340426,0.12279526172091,0.0977002816760989,0.18589520870072,0.187050910312438
BX.GSR.INSF.ZS,0.228296726236086,0.188233207814966,0.188250832954345,0.245987447210036,0.079168633987479
BX.GSR.TRAN.ZS,0.157715741145462,0.222801985597548,0.229237932683351,0.100718151454919,0.202219845729726
BX.GSR.TRVL.ZS,0.224066213170283,0.174126006261409,0.118078859776005,0.182305501479415,0.314418873240581
BX.KLT.DINV.WD.GD.ZS,0.151497828105906,0.0786087948208829,0.0762989473667072,0.143541829878155,0.131381548041798
BX.TRF.PWKR.DT.GD.ZS,0.241701698754356,0.102532386003903,0.257098795803401,0.220295647083642,0.262787620909659
DT.DOD.DECT.GN.ZS,0.180171395271166,0.148407110693935,0.0829425443489861,0.115557697872473,0.131597926761162
DT.DOD.DSTC.IR.ZS,0.107468204550188,0.0418445049485395,0.044433812301954,0.0943309261847996,0.0398879402374101
DT.DOD.DSTC.XP.ZS,0.174759371867332,0.102432503092843,0.103121869709096,0.161734585592503,0.113529006971606
DT.DOD.DSTC.ZS,0.350555496143531,0.158013915481246,0.171079056861229,0.149370325299909,0.110471135122347
DT.ODA.ODAT.GI.ZS,0.575443171600942,0.32491818729042,0.176519017628006,0.23957305312362,0.169335029779123
DT.ODA.ODAT.GN.ZS,0.585156529867388,0.323671312650438,0.189479276652274,0.259535764762187,0.183395446773087
DT.ODA.ODAT.MP.ZS,0.686888007132326,0.349083761722467,0.222810105855643,0.290981952480818,0.173062873732727
DT.ODA.ODAT.PC.ZS,0.1949273653902,0.152048274291925,0.11586894676084,0.174980196531622,0.373535538162043
DT.TDS.DECT.EX.ZS,0.206829873482709,0.117674316967519,0.103745038124037,0.234503827638753,0.0991421771980327
DT.TDS.DECT.GN.ZS,0.367186017169245,0.153611292013661,0.176142762525822,0.242129746959683,0.105468036980297
DT.TDS.DPPF.XP.ZS,0.0807664413673001,0.183546113808986,0.0874007015226756,0.109335785440666,0.0884494092033007
DT.TDS.DPPG.GN.ZS,0.224876771442471,0.253412816342334,0.13859287929138,0.137787816476028,0.12774259094832
DT.TDS.DPPG.XP.ZS,0.0823732752637047,0.2532781047748,0.0842639576078725,0.122801742592081,0.0900498119267866
DT.TDS.MLAT.PG.ZS,0.349545571026688,0.0808215052639162,0.19555886970212,0.188743408443917,0.228098313557902
EG.CFT.ACCS.RU.ZS,0.845623670737496,0.255427998597674,0.208612832512225,0.187656124172666,0.143536823508848
EG.CFT.ACCS.UR.ZS,0.81463370094762,0.308886263107555,0.250469909120871,0.1718376267111,0.157181627277381
EG.CFT.ACCS.ZS,0.854368804698407,0.297712880804195,0.226738423249732,0.181626578209853,0.146103717446972
EG.EGY.PRIM.PP.KD,0.260604021124133,0.340769163771906,0.181003466196591,0.106910922607593,0.255077895900416
EG.ELC.ACCS.RU.ZS,0.839833162857469,0.238529173124193,0.217645285226599,0.236060521251647,0.149853818298555
EG.ELC.ACCS.UR.ZS,0.764756460821079,0.281098239925607,0.218698062356836,0.258600871586007,0.156174455766275
EG.ELC.ACCS.ZS,0.849002831172386,0.30109965550329,0.239505674266893,0.247360014077063,0.151793288034095
EG.ELC.COAL.ZS,0.336905508104215,0.278026818908426,0.130335210873886,0.139651534578792,0.133485258977282
EG.ELC.FOSL.ZS,0.19913018783563,0.236493149471322,0.286461812057898,0.17987713556651,0.323571396552546
EG.ELC.HYRO.ZS,0.331972621509569,0.154891952557851,0.250694871023923,0.231805916470898,0.249727689393489
EG.ELC.LOSS.ZS,0.514133815105465,0.111495703852066,0.255855718760233,0.243422953708069,0.177316685060541
EG.ELC.NGAS.ZS,0.230176925211616,0.204408971230084,0.300906939009264,0.116802108343945,0.463420627240748
EG.ELC.NUCL.ZS,0.484044496281237,0.306060853250988,0.0695743045020406,0.139063514911257,0.104589411596454
EG.ELC.PETR.ZS,0.284372057945289,0.343853438560398,0.109066735010857,0.108634697793613,0.133332476180425
EG.ELC.RNEW.ZS,0.289297859700097,0.204272186709023,0.28547668154243,0.191696784867973,0.198401642792218
EG.ELC.RNWX.ZS,0.288978559763559,0.186612831572162,0.375132339566968,0.118890664661969,0.181971266728333
EG.FEC.RNEW.ZS,0.729640518400886,0.336484753559744,0.33697568189104,0.171603436183801,0.215168952711924
EG.GDP.PUSE.KO.PP,0.153891330060762,0.46387903974867,0.194188434705574,0.135105430729194,0.173603198278241
EG.GDP.PUSE.KO.PP.KD,0.178339334818804,0.426252540717186,0.268366938223911,0.142200982022951,0.279798947502663
EG.IMP.CONS.ZS,0.26690556892254,0.328439258968512,0.178227639969048,0.198580679118881,0.375457320152584
EG.USE.COMM.CL.ZS,0.436615683287965,0.257577965349333,0.181915960529215,0.148623678890945,0.249183126626841
EG.USE.COMM.FO.ZS,0.585746009083987,0.247987686449038,0.317553395708987,0.162826608620398,0.201139138301617
EG.USE.COMM.GD.PP.KD,0.225748887009697,0.411040918350932,0.236642100637575,0.149965200334631,0.237605652064296
EG.USE.CRNW.ZS,0.719212886035889,0.217969671049944,0.293032288436379,0.144377461132829,0.158124774169989
EG.USE.ELEC.KH.PC,0.763103820256453,0.174983446508485,0.255490443093767,0.434814871626694,0.27674177766912
EG.USE.PCAP.KG.OE,0.711305868993794,0.197878849586848,0.181955778486039,0.378977036840511,0.355096941263543
EN.ATM.CO2E.EG.ZS,0.473571580423591,0.269345814869438,0.291184104429275,0.137963476229832,0.1627509970535
EN.ATM.CO2E.GF.ZS,0.426170873385857,0.124199537106564,0.361865272342513,0.0760235008230568,0.408321194011587
EN.ATM.CO2E.KD.GD,0.281578121315897,0.294677821732776,0.625563164920127,0.241954807119446,0.239187219096503
EN.ATM.CO2E.LF.ZS,0.413673596680304,0.285724561338775,0.347699555709308,0.103789115900199,0.26432136296932
EN.ATM.CO2E.PC,0.745731772173728,0.200884272263263,0.200134712284837,0.264039159465447,0.343330895090485
EN.ATM.CO2E.PP.GD,0.434697651132927,0.312167445174759,0.41465248442948,0.185735911490664,0.167232697917754
EN.ATM.CO2E.PP.GD.KD,0.443946007184039,0.268710681214892,0.468423965229335,0.177472280534484,0.240960699298696
EN.ATM.CO2E.SF.ZS,0.385458298162742,0.377860039669828,0.179818313999063,0.102081236910427,0.128785356714627
EN.ATM.GHGO.ZG,0.107311967694262,0.0837257345013908,0.0830547992868708,0.0949673404692895,0.07315463246287
EN.ATM.GHGT.ZG,0.362823413057144,0.268810228956463,0.181111457986019,0.152022076471049,0.0790530875776146
EN.ATM.METH.AG.ZS,0.319043332837802,0.246180608312546,0.30383167090248,0.15707289827278,0.22934674133442
EN.ATM.METH.EG.ZS,0.134818563635379,0.169322597344322,0.261347575588663,0.143286938990512,0.315984788481169
EN.ATM.METH.ZG,0.245552446831138,0.360194874294752,0.135520434325403,0.160178588451962,0.177247774077119
EN.ATM.NOXE.AG.ZS,0.397374461169499,0.10450843426082,0.101829388837027,0.24019577375533,0.145123756076106
EN.ATM.NOXE.EG.ZS,0.176119699854415,0.163451058558594,0.0807465508552547,0.273713203355715,0.145232004117025
EN.ATM.NOXE.ZG,0.292947016581528,0.374408202338541,0.150748803907392,0.0944503225502237,0.146147845185542
EN.ATM.PM25.MC.M3,0.510398879973062,0.179245081732927,0.356899508052669,0.238923283240007,0.298539785809482
EN.ATM.PM25.MC.T1.ZS,0.423769961672069,0.144847247630491,0.31190027520829,0.254122361996543,0.28836738200757
EN.ATM.PM25.MC.T2.ZS,0.519116244631049,0.178329971309742,0.313733137979661,0.204221069673722,0.202073567879679
EN.ATM.PM25.MC.T3.ZS,0.513250418981411,0.178418004276016,0.345674057457533,0.129159317062899,0.12092173101814
EN.ATM.PM25.MC.ZS,0.44278245346536,0.109342533565217,0.268946722797599,0.214802833989963,0.129411748475217
EN.CO2.BLDG.ZS,0.180280726338314,0.172625515410391,0.112301527910878,0.158335692772964,0.225919647390673
EN.CO2.ETOT.ZS,0.427177469473159,0.193331124205377,0.330547363409504,0.200552158251082,0.223078906721808
EN.CO2.MANF.ZS,0.14930744012539,0.0804092337978732,0.0870496819532861,0.142476858132749,0.156874298404631
EN.CO2.OTHX.ZS,0.199569767462305,0.185734972287415,0.125074089274835,0.125843057390731,0.114881182555822
EN.CO2.TRAN.ZS,0.425978853188153,0.243346460976083,0.429659253280857,0.20697978611414,0.256343429975927
EN.POP.DNST,0.180513751475908,0.175587121011445,0.118690405423209,0.141423084189782,0.17362733463155
EN.URB.LCTY.UR.ZS,0.301529928781613,0.0971710380354846,0.128981218593496,0.116540281412113,0.159831311623101
EN.URB.MCTY.TL.ZS,0.400029680784841,0.430557694161367,0.10954638664269,0.180198697399819,0.187887828948737
ER.GDP.FWTL.M3.KD,0.407256646251291,0.202100887326291,0.204167847161343,0.358427092290987,0.117146294051498
ER.H2O.FWAG.ZS,0.472094600106851,0.23774135294797,0.13573946731505,0.278265356039416,0.120162737244566
ER.H2O.FWDM.ZS,0.187002470918153,0.113891964890757,0.15589189687622,0.311403463275609,0.129160254781779
ER.H2O.FWIN.ZS,0.540632408277064,0.375274187877761,0.117553667290487,0.129283558897234,0.099064489110127
ER.H2O.FWST.ZS,0.209786014383618,0.278536358782291,0.374477767931433,0.16394343143449,0.380165021160973
ER.H2O.FWTL.ZS,0.144124637725653,0.23291896404882,0.349646044968268,0.091858994778879,0.264626927072939
ER.H2O.INTR.PC,0.116336490365947,0.19010527954837,0.301628365586171,0.215456015638937,0.119159252517097
ER.LND.PTLD.ZS,0.228640606831414,0.132571100329214,0.346495324071475,0.0879522457972571,0.168996595863978
ER.MRN.PTMR.ZS,0.48966233593511,0.137726967856232,0.207359561701067,0.148049414425733,0.171379511770836
ER.PTD.TOTL.ZS,0.245507872662603,0.27248069669513,0.224213763463594,0.0952176012809196,0.199708144310064
FB.AST.NPER.ZS,0.298296701950153,0.217174127148747,0.362250842605402,0.200814588658164,0.18793831181511
FB.ATM.TOTL.P5,0.772459354736562,0.167761939678123,0.20266067304875,0.175172159634433,0.121231725618539
FB.BNK.CAPA.ZS,0.374608494899165,0.190314440594509,0.283993631437411,0.293732800421563,0.102349608928787
FB.CBK.BRCH.P5,0.683972414543473,0.197928935415785,0.0942091254539274,0.121724152373638,0.214663265820183
FD.AST.PRVT.GD.ZS,0.692292973320135,0.221077237210131,0.281763320780368,0.227277077448851,0.162098466597209
FD.RES.LIQU.AS.ZS,0.244144351546436,0.123097144863418,0.117065238700506,0.198729273284494,0.152938151568338
FI.RES.TOTL.DT.ZS,0.192382689068288,0.121244081547173,0.113135326673855,0.178836732611781,0.167620525332585
FI.RES.TOTL.MO,0.184963379737299,0.123577658992751,0.167630373226337,0.15547643653655,0.204702597743519
FM.AST.CGOV.ZG.M3,0.191209009868263,0.0838028290882511,0.0721960826247106,0.0857911912179873,0.0553804583015748
FM.AST.DOMO.ZG.M3,0.0788017153148985,0.15261077884186,0.146147644187433,0.10556927901684,0.100463320670485
FM.AST.PRVT.GD.ZS,0.690450485874151,0.21983433857053,0.282219960094986,0.22568869520561,0.160509693481002
FM.AST.PRVT.ZG.M3,0.0631212511577845,0.137297423037059,0.1058347632928,0.15125016229617,0.0739857956145111
FM.LBL.BMNY.GD.ZS,0.568038995631116,0.291262863170178,0.169507115719121,0.167626326984627,0.21057442138082
FM.LBL.BMNY.IR.ZS,0.223307808300674,0.18639227103401,0.197177297321384,0.187725467560714,0.083019059226753
FM.LBL.BMNY.ZG,0.196382737929762,0.174766103998259,0.110383526479497,0.0919316527201229,0.0920685929051494
FP.CPI.TOTL,0.203768121313685,0.113925986457705,0.113136242188538,0.125619438997735,0.062306129180601
FP.CPI.TOTL.ZG,0.168224590524378,0.0962319072774702,0.105375793497578,0.0877572824825128,0.0709631807056494
FR.INR.DPST,0.240440642090427,0.141236925368938,0.123530591962295,0.164775275381193,0.110061591259129
FR.INR.LEND,0.401402090552036,0.173358901406628,0.118258749389844,0.277646251795397,0.227418541172345
FR.INR.LNDP,0.36279178955497,0.122241617153771,0.1372521801027,0.236629351313726,0.274368572295435
FR.INR.RINR,0.245665797336799,0.0860889034895143,0.125372081969697,0.207398017560408,0.186981795455422
FS.AST.CGOV.GD.ZS,0.132990381181181,0.160529146071381,0.0742727029111393,0.0974814403265638,0.142872543432969
FS.AST.PRVT.GD.ZS,0.70261556985363,0.21361830853183,0.283705723935015,0.228970329870234,0.157506093826259
GC.LBL.TOTL.GD.ZS,0.0794876369215162,0.0693529075838995,0.0715839287831588,0.128651322726013,0.0925411377314246
GC.NFN.TOTL.GD.ZS,0.444207092613644,0.127693101867273,0.173386797411132,0.13927501229303,0.0988780570282267
GC.NLD.TOTL.GD.ZS,0.0659302243191613,0.0651438089072888,0.121335042576036,0.150788203030005,0.188225237410981
GC.REV.GOTR.ZS,0.484093651149291,0.144759208746622,0.169059015321836,0.16406680715896,0.223509055376741
GC.REV.SOCL.ZS,0.704256487735886,0.387785324432859,0.146792701050737,0.13340612543424,0.167027320403789
GC.REV.XGRT.GD.ZS,0.632692873431745,0.244659019990121,0.162122208770007,0.345104750322079,0.231730456321059
GC.TAX.EXPT.ZS,0.196214814118093,0.152527652910589,0.0960053090927783,0.123800439568493,0.118746974974582
GC.TAX.GSRV.RV.ZS,0.18812193164501,0.202044354433253,0.142266016769724,0.300151582361851,0.227387323310376
GC.TAX.GSRV.VA.ZS,0.409061198919928,0.326283182625218,0.192879464858787,0.154402801882071,0.31189294286827
GC.TAX.IMPT.ZS,0.652879047287189,0.212744669764733,0.18487070287142,0.232865359533576,0.119476462587415
GC.TAX.INTT.RV.ZS,0.613980968099198,0.186485826699288,0.167156825629575,0.242745218213815,0.165331333081047
GC.TAX.OTHR.RV.ZS,0.118710693801855,0.228428275660107,0.175689369306195,0.0991937867432932,0.0868404277780707
GC.TAX.TOTL.GD.ZS,0.474696006402916,0.15513738286168,0.182462592290025,0.328696660789254,0.330837206945444
GC.TAX.YPKG.RV.ZS,0.130574733323583,0.289154454395264,0.409866746702798,0.184827761556611,0.138331190622091
GC.TAX.YPKG.ZS,0.243067205900505,0.257055557670983,0.38103614095393,0.301182336235425,0.176263046096632
GC.XPN.COMP.ZS,0.573079673510834,0.391503842367959,0.195848494198151,0.174611534431633,0.215572965547115
GC.XPN.GSRV.ZS,0.542397753306569,0.127230919421723,0.12402069961321,0.21401554126325,0.132978763463518
GC.XPN.INTP.RV.ZS,0.210230452977825,0.320521210359741,0.130354347444336,0.184207196852146,0.140393557515443
GC.XPN.INTP.ZS,0.25579173175691,0.319745538562135,0.144514665347445,0.187264088901785,0.129663763285563
GC.XPN.OTHR.ZS,0.213728852497195,0.0649697290171195,0.125190920305719,0.0926596775309269,0.118512433464143
GC.XPN.TOTL.GD.ZS,0.638854254058364,0.241387252584086,0.167495272812871,0.333653340284189,0.273608390233553
GC.XPN.TRFT.ZS,0.572437112483148,0.308065565613065,0.192371838421728,0.189993842556703,0.147341149952781
GF.XPD.BUDG.ZS,0.247300742880312,0.0864919292258782,0.0845064830761429,0.142808848556894,0.101883286394142
IC.BUS.DFRN.XQ,0.781524723829184,0.269158288663502,0.19889703538193,0.228788819122807,0.162960952218584
IC.BUS.DISC.XQ,0.219548192392814,0.160848335493577,0.125883439971605,0.183009261125756,0.24899479748516
IC.BUS.NDNS.ZS,0.545794717336864,0.131807345316248,0.200051798736651,0.185301697260098,0.193123278064101
IC.CRD.INFO.XQ,0.532413937931089,0.130162311609173,0.110087986832099,0.286281470290896,0.129757212482004
IC.CRD.PRVT.ZS,0.523226569800993,0.102943345490777,0.214136822192891,0.143629447210918,0.0709715728558731
IC.CRD.PUBL.ZS,0.284071087607413,0.119693685066409,0.105578961359989,0.199270229047777,0.12656970289201
IC.ELC.TIME,0.204369858803094,0.307505773429289,0.153538780915002,0.100516190508264,0.148339047690568
IC.EXP.CSBC.CD,0.457536568474978,0.383241691695132,0.119700464444076,0.12728974933784,0.165014866887587
IC.EXP.CSDC.CD,0.490689702183799,0.221197844331258,0.168282015990406,0.110705131791134,0.121682929375066
IC.EXP.TMBC,0.617769571190345,0.261478629763416,0.156023719884909,0.131963480616177,0.123745774752272
IC.EXP.TMDC,0.629949971474433,0.199817219691484,0.143997544299077,0.139369519603372,0.161306894360766
IC.IMP.CSBC.CD,0.555135201673622,0.387308589714673,0.157150781114432,0.166506768750763,0.15444639251369
IC.IMP.CSDC.CD,0.569230572408667,0.193548206436692,0.148886436275036,0.191463462788437,0.195432225690513
IC.IMP.TMBC,0.656012398054497,0.279119141857548,0.139122839401258,0.188925806431338,0.151300651351689
IC.IMP.TMDC,0.619573677946893,0.199847022062907,0.140718678503463,0.144605498223033,0.217304787542523
IC.ISV.DURS,0.372959038573056,0.159053999670913,0.185330141975585,0.246826694171779,0.143436278601571
IC.LGL.CRED.XQ,0.199565129444952,0.341191075067657,0.210394878599446,0.163386650896938,0.132921038971553
IC.LGL.DURS,0.17842510156084,0.212434546596718,0.14079715439688,0.0849717144028616,0.182498747419891
IC.PRP.DURS,0.346026620042922,0.0951278456581317,0.125032096120129,0.129146265728872,0.123213099887876
IC.PRP.PROC,0.211250169070728,0.137559407523686,0.0954247787254774,0.199526516861031,0.128307176958875
IC.REG.COST.PC.FE.ZS,0.639270786579726,0.125487405942594,0.154946935791354,0.136389619729284,0.132639428806713
IC.REG.COST.PC.MA.ZS,0.639213053683998,0.12547227165037,0.154910643865082,0.136399238673279,0.132620787178537
IC.REG.COST.PC.ZS,0.639247358151716,0.125480204939769,0.154931274773503,0.136393283459395,0.132629634183408
IC.REG.DURS,0.310246843506999,0.0781862132386103,0.105763091157947,0.114468510158475,0.125554465221971
IC.REG.DURS.FE,0.310713915430878,0.0794761452659093,0.105797366690458,0.11307677910768,0.12414225614431
IC.REG.DURS.MA,0.309604099188052,0.077294971846322,0.105975386100106,0.115560315986721,0.126380824299951
IC.REG.PROC,0.353815380048543,0.117624466186998,0.126955908570188,0.15355507628377,0.107714490394504
IC.REG.PROC.FE,0.353651495661527,0.13548440843552,0.144927507453366,0.140080951638984,0.12250717666058
IC.REG.PROC.MA,0.345893670969645,0.116029788469349,0.127745479078469,0.163392117767451,0.111205130456891
IC.TAX.DURS,0.291620533340346,0.14250350442374,0.133886750909767,0.250316074247963,0.158406354631618
IC.TAX.LABR.CP.ZS,0.309418948992876,0.233998371673257,0.228829004743384,0.0857145947606452,0.178021062653741
IC.TAX.OTHR.CP.ZS,0.318358073991249,0.111369701464615,0.0883985978724583,0.0741376677755978,0.1122202128212
IC.TAX.PAYM,0.569372006209543,0.13165326365003,0.132423161129911,0.142822976667844,0.165452756319385
IC.TAX.PRFT.CP.ZS,0.211090705976246,0.163059917314491,0.323046671212655,0.107123080810119,0.150564868922931
IC.TAX.TOTL.CP.ZS,0.228508194324693,0.0981577732984772,0.11245893722961,0.117405590205985,0.188069421633434
IC.WRH.DURS,0.0963701364210958,0.123324501345807,0.113110396555306,0.139437519301984,0.117049102807234
IC.WRH.PROC,0.201148471806945,0.16858941575824,0.27776243251966,0.313209533263736,0.113451573360721
IQ.SCI.MTHD,0.59604917416367,0.211650558545736,0.237923233991326,0.434124816167683,0.0999681144027878
IQ.SCI.OVRL,0.520928313429446,0.226211475058463,0.188881734461391,0.483806889778413,0.120694212279099
IQ.SCI.PRDC,0.120989836142137,0.173779669583976,0.123647944472022,0.353605448131385,0.151834739913447
IQ.SCI.SRCE,0.424557851772369,0.219075809386623,0.14018443864123,0.400838000567306,0.0743595830680938
IQ.SPI.OVRL,0.718108611083941,0.281095243495584,0.240263266773518,0.194488011868137,0.142470599762013
IQ.SPI.PIL1,0.33547553463402,0.12671797753179,0.0804244267296758,0.0980403716495226,0.110991621603138
IQ.SPI.PIL2,0.5049928911903,0.209119617934164,0.2446411426707,0.110656371387876,0.115538758705279
IQ.SPI.PIL3,0.15693866745703,0.121803887857281,0.149352236768676,0.377903847272223,0.176541589117779
IQ.SPI.PIL4,0.772414249576951,0.190243146664188,0.192505942136433,0.208929944686333,0.123062096104951
IQ.SPI.PIL5,0.777412249653205,0.310067173938472,0.219389701891252,0.186094219456557,0.134720935232018
IS.SHP.GCNW.XQ,0.435171516608589,0.163947942050262,0.211918197933094,0.169389740050633,0.259013255342162
IT.CEL.SETS.P2,0.458566686311143,0.108232309914477,0.0581395905596247,0.0639358304964534,0.0700773313388423
IT.MLT.MAIN.P2,0.862851978578588,0.203482699663851,0.249452134889037,0.275730648286708,0.115255559602044
IT.NET.BBND.P2,0.740083780991658,0.159909091503564,0.221237071296902,0.239906695609134,0.0778879108823969
IT.NET.SECR.P6,0.480636000994991,0.118625577956581,0.218988788607312,0.164426318092506,0.109983375658831
IT.NET.USER.ZS,0.612531298383988,0.124483613851623,0.115939042289238,0.131545600675387,0.0921714032291058
MS.MIL.TOTL.TF.ZS,0.242106563463269,0.210578522109649,0.414277966102426,0.142442954246703,0.169476096426608
MS.MIL.XPND.CD,0.317392686867164,0.127478115936714,0.177934771251865,0.156648786468285,0.220453751470929
MS.MIL.XPND.GD.ZS,0.153417877213183,0.232870018444225,0.333267577515585,0.171368530545646,0.269835005944208
MS.MIL.XPND.ZS,0.305815666670264,0.175773216709831,0.290738995801904,0.135200945765978,0.320469238425443
NE.CON.GOVT.KD.ZG,0.309783071395535,0.0926656481421025,0.0698620148288274,0.0835621846776988,0.0978736204581367
NE.CON.GOVT.ZS,0.454479812133632,0.142268048240399,0.116213092663186,0.272833301451094,0.220496027371362
NE.CON.PRVT.KD.ZG,0.186585481549075,0.105671776584129,0.121468132544721,0.125432770080773,0.117136108595856
NE.CON.PRVT.PC.KD,0.784005695553938,0.220136743369052,0.412077644031056,0.398185584749989,0.154297620245823
NE.CON.PRVT.PC.KD.ZG,0.127094276005066,0.188269409633331,0.168231281107208,0.151585208557192,0.0765003087610124
NE.CON.PRVT.ZS,0.475167490642716,0.167063147525898,0.12873308056626,0.244574324274127,0.358852086851504
NE.CON.TOTL.KD.ZG,0.222345253561101,0.0964947351839061,0.100657711738082,0.131504842693857,0.131885631476495
NE.CON.TOTL.ZS,0.364391455840017,0.181458172899926,0.124527347872943,0.152033796013416,0.442991352017616
NE.DAB.DEFL.ZS,0.165650515181177,0.08809282535614,0.105351169230518,0.100997043887347,0.0648176385695073
NE.DAB.TOTL.ZS,0.342408942212218,0.208277498922322,0.162129449898002,0.172335301085525,0.371900681868957
NE.EXP.GNFS.KD.ZG,0.175341424985755,0.152044958788512,0.0769639187752189,0.0987404795584579,0.0701331023367818
NE.EXP.GNFS.ZS,0.372338219031871,0.0993812536173358,0.102770472918229,0.116407475458287,0.176247550394479
NE.GDI.FTOT.KD.ZG,0.161516004679891,0.0802954035183408,0.0809245485393903,0.0905282990780271,0.0924688974023805
NE.GDI.FTOT.ZS,0.242865235048784,0.0517827381980597,0.0920768654611474,0.0883104258461914,0.177334460106048
NE.GDI.TOTL.KD.ZG,0.147321161071585,0.0888381360092838,0.0769705711596124,0.0805937589085423,0.0910052710139942
NE.GDI.TOTL.ZS,0.244810510048385,0.066855340902768,0.1332295545498,0.0901326131123632,0.175294339914122
NE.IMP.GNFS.KD.ZG,0.153638179835493,0.117537728790267,0.0815105405894822,0.0804507012654941,0.0823078989676233
NE.IMP.GNFS.ZS,0.231307353202348,0.134081106449481,0.126203849037938,0.116313386992129,0.193665929817171
NE.RSB.GNFS.ZS,0.350354103768112,0.185999220473714,0.158819024776014,0.184147042803827,0.382357127893794
NE.TRD.GNFS.ZS,0.318568920156578,0.106956958395825,0.129111265155767,0.0884531800744089,0.14630645939502
NV.AGR.EMPL.KD,0.651157642181453,0.231843557724732,0.302634576629754,0.304434828123118,0.133886879243273
NV.AGR.TOTL.KD.ZG,0.14109590694581,0.0599460861975744,0.0980813387466821,0.0779636735182672,0.114772769321869
NV.AGR.TOTL.ZS,0.770269842662479,0.299201781712034,0.13606942070133,0.189540726056243,0.203134588644125
NV.IND.EMPL.KD,0.601137006590841,0.257675342290713,0.264478964962663,0.397581388226987,0.25317919040661
NV.IND.MANF.KD.ZG,0.102911247737574,0.127952751450065,0.0863810281653206,0.0798985339101671,0.167985066603746
NV.IND.MANF.ZS,0.284322733219124,0.127129000429678,0.0868517389458693,0.167706516315792,0.224891184902624
NV.IND.TOTL.KD.ZG,0.170506654363077,0.138365187424238,0.0618406193947503,0.109865043818709,0.134168654438606
NV.IND.TOTL.ZS,0.232028585465128,0.179850153383118,0.220449449758705,0.150683669275862,0.40468170417497
NV.MNF.CHEM.ZS.UN,0.136916343476016,0.322332959633783,0.135556413617473,0.226867197016159,0.22344659375509
NV.MNF.FBTO.ZS.UN,0.53081919151457,0.120193781125375,0.125014576181185,0.323488292788606,0.373963614426275
NV.MNF.MTRN.ZS.UN,0.601528958470258,0.23530337183311,0.339592400184262,0.28582057332679,0.210656316064881
NV.MNF.OTHR.ZS.UN,0.268319471511815,0.106314315654227,0.19949531327541,0.195016688375272,0.139113753646915
NV.MNF.TECH.ZS.UN,0.574773515172728,0.119918439962142,0.210484927966792,0.201171208855821,0.240072101860012
NV.MNF.TXTL.ZS.UN,0.332759391701392,0.133075304603899,0.239189843683968,0.330271726340475,0.125997549549311
NV.SRV.EMPL.KD,0.773126119608411,0.230973103314791,0.355619858195248,0.380752545362452,0.177433332275042
NV.SRV.TOTL.KD.ZG,0.234529652085306,0.0952713251349784,0.0905007742290046,0.1229721174472,0.171176924414697
NV.SRV.TOTL.ZS,0.594359850220637,0.261741303738396,0.227275345011676,0.155359887587541,0.332562534708985
NY.ADJ.AEDU.GN.ZS,0.385853708667725,0.107179544021974,0.101068838420778,0.113085720166564,0.229427926476142
NY.ADJ.DCO2.GN.ZS,0.240615845378525,0.257039536894207,0.545128855392835,0.24413393201545,0.224078770461989
NY.ADJ.DFOR.GN.ZS,0.569230805331966,0.256552429172868,0.231723035370444,0.174014397961816,0.109652173844158
NY.ADJ.DKAP.GN.ZS,0.524529812102211,0.213681835934915,0.105841973437181,0.177265077291071,0.0670306696317521
NY.ADJ.DMIN.GN.ZS,0.206036697682652,0.0840516504683244,0.0394709425084105,0.164753253446896,0.0901766628661004
NY.ADJ.DNGY.GN.ZS,0.172537834056866,0.231482782408566,0.257480647624809,0.127714753723138,0.36541345743211
NY.ADJ.DPEM.GN.ZS,0.831524257253694,0.257391376840993,0.157044814606113,0.270544951958216,0.138252885292781
NY.ADJ.DRES.GN.ZS,0.406142171160998,0.103964665782751,0.0834718481543569,0.157122540947207,0.294779089996712
NY.ADJ.ICTR.GN.ZS,0.264103084230903,0.129505993679512,0.0725590963875962,0.133689194764596,0.412661533203642
NY.ADJ.NNAT.GN.ZS,0.225896206692166,0.238357787611132,0.119331037658905,0.109456078609993,0.381505048083835
NY.ADJ.NNTY.KD.ZG,0.203029299654048,0.105842794970121,0.0883226489541726,0.0933209184680737,0.13817240999121
NY.ADJ.NNTY.PC.KD.ZG,0.120319653431561,0.16679760654168,0.120248022341608,0.108390966214167,0.0992124749626959
NY.ADJ.SVNG.GN.ZS,0.310719953532656,0.252502463133134,0.129023975620788,0.106270968050199,0.206855241976607
NY.ADJ.SVNX.GN.ZS,0.257808190070313,0.245712908862147,0.136089206608187,0.100435021035991,0.215374030458089
NY.GDP.COAL.RT.ZS,0.0880691185072607,0.143091422289741,0.137224603126072,0.0945427636513756,0.0902122007691766
NY.GDP.DEFL.KD.ZG,0.156683142186927,0.0887529130868495,0.134974879149742,0.0827637962426893,0.0834611160777407
NY.GDP.DEFL.KD.ZG.AD,0.151670196550066,0.0886482236792902,0.136518150364597,0.083284146523072,0.0833106310019369
NY.GDP.DEFL.ZS,0.172988680277787,0.101679231889264,0.0999718855429733,0.0961606330158054,0.0701980198653092
NY.GDP.DEFL.ZS.AD,0.165912395035789,0.101534085967028,0.101742454711322,0.0970139085386958,0.0682761481011447
NY.GDP.FRST.RT.ZS,0.678264255420202,0.32960126306402,0.289232024051347,0.143364064862099,0.137300289846444
NY.GDP.MINR.RT.ZS,0.194144778767516,0.0732166454019206,0.0376334383257796,0.153614720063533,0.0957887121090558
NY.GDP.MKTP.KD.ZG,0.186100101760977,0.121115883833513,0.085543719161729,0.135830628675558,0.166796407681327
NY.GDP.NGAS.RT.ZS,0.156210211487789,0.134010228781792,0.243026325795499,0.0751363081255103,0.450348489905391
NY.GDP.PCAP.CD,0.74428330307838,0.208505469283102,0.309572236411606,0.376945974585349,0.194759327871456
NY.GDP.PCAP.KD,0.747821119003435,0.226842232957186,0.322975540697,0.384696310188308,0.228972633594095
NY.GDP.PCAP.KD.ZG,0.0901094604511356,0.200176110388202,0.122092769284643,0.202934668601422,0.0986530614875115
NY.GDP.PCAP.PP.CD,0.758893591900865,0.225568457494854,0.191684884138,0.33052155495373,0.288250440804594
NY.GDP.PCAP.PP.KD,0.800329138111726,0.223800385264621,0.230284067017391,0.357696064299685,0.265003662443654
NY.GDP.PETR.RT.ZS,0.162122305183998,0.295790810721602,0.312060296550322,0.166159227486384,0.358936280242598
NY.GDP.TOTL.RT.ZS,0.408344573483023,0.190688371313093,0.201195683936652,0.141055778480442,0.344679071863897
NY.GDS.TOTL.ZS,0.364391455840017,0.181458172899926,0.124527347872942,0.152033796013416,0.442991352017617
NY.GNP.MKTP.KD.ZG,0.208311701626785,0.102162338094205,0.062552480393527,0.127161175781937,0.157914722702257
NY.GNP.PCAP.CD,0.747679006661231,0.209012125775158,0.312926761526742,0.382935898522122,0.192405823777667
NY.GNP.PCAP.KD,0.766094904575476,0.2107582621964,0.370003362207999,0.401601433705732,0.213570350230705
NY.GNP.PCAP.KD.ZG,0.0834802566823732,0.182911383744412,0.092949214660363,0.162829608765748,0.101111607088801
NY.GNP.PCAP.PP.CD,0.767920364639297,0.222576133871931,0.197908378253655,0.33224949827142,0.287510783002361
NY.GNP.PCAP.PP.KD,0.826036414562609,0.195725414193217,0.277008884806944,0.3674324829849,0.238124329140663
NY.GNS.ICTR.GN.ZS,0.264944591643516,0.129143755707236,0.0728285957313828,0.133522458961709,0.412834776818881
NY.GNS.ICTR.ZS,0.263369124218341,0.124747665289229,0.0762025362701689,0.137474319643225,0.418330587007303
PA.NUS.PPPC.RF,0.621358883237438,0.21356552567327,0.424163512953803,0.300142688980685,0.208329280314415
SE.COM.DURS,0.422578492596509,0.181164313438568,0.179629462568567,0.181276591178296,0.126792373733536
SE.ENR.PRIM.FM.ZS,0.582379847602294,0.135326965344149,0.0831967478267124,0.183142489562905,0.177563724942507
SE.ENR.PRSC.FM.ZS,0.587965714742389,0.155702945679539,0.0718624813080867,0.178734429794235,0.215623586505322
SE.ENR.SECO.FM.ZS,0.611817484504971,0.222032003675473,0.111893042166865,0.209071158936798,0.247109750245186
SE.ENR.TERT.FM.ZS,0.703860112407306,0.205688167455178,0.148289621206311,0.131385700468342,0.260054583740828
SE.PRE.DURS,0.367802369642844,0.241857281098955,0.123761142487554,0.174593192668825,0.135751067483067
SE.PRE.ENRL.TC.ZS,0.595410561869527,0.282945027274628,0.32454348335774,0.131080258397503,0.164632128233337
SE.PRE.ENRR,0.691483027829857,0.154936830892969,0.199449839905105,0.163974136327468,0.156878989169432
SE.PRE.ENRR.FE,0.691660235666278,0.157845874091235,0.207716311680804,0.154233657103512,0.167803177873195
SE.PRE.ENRR.MA,0.690548515643991,0.158206548700505,0.187298159803591,0.160828037357721,0.157965689813891
SE.PRM.AGES,0.143668114923122,0.407783790238286,0.166510038811025,0.105142405764299,0.117672161339224
SE.PRM.CMPT.FE.ZS,0.756391998603568,0.210822552952717,0.170156997003663,0.229185186617831,0.174951194509022
SE.PRM.CMPT.MA.ZS,0.732433690227096,0.197790382630988,0.185817227531863,0.208001597388274,0.145731002618905
SE.PRM.CMPT.ZS,0.746409426658184,0.195272146361088,0.182504229226114,0.23058567762782,0.15777976922352
SE.PRM.DURS,0.238516392831266,0.404762793899042,0.472208708871682,0.249615345326532,0.15930184982654
SE.PRM.ENRL.FE.ZS,0.525344349551809,0.132470762530745,0.0709519715219647,0.173698972224202,0.199477236591124
SE.PRM.ENRL.TC.ZS,0.854598867166263,0.249087430394438,0.214134997126897,0.225092926515072,0.18879814068427
SE.PRM.ENRR,0.429332116837115,0.193022963363125,0.142453238761136,0.210339297669892,0.150471327407797
SE.PRM.ENRR.FE,0.47554659317853,0.188300868167889,0.136713914817219,0.22191162537758,0.161585076598564
SE.PRM.ENRR.MA,0.410843197750728,0.197392153867352,0.147227641578158,0.203763137399885,0.14119652601343
SE.PRM.GINT.FE.ZS,0.429126552124344,0.130699464884549,0.19809920616885,0.213387924280519,0.0994667212660575
SE.PRM.GINT.MA.ZS,0.435625110631592,0.123657103180529,0.204992278705132,0.189613510663073,0.0848486950511676
SE.PRM.GINT.ZS,0.429192074890949,0.127210315843328,0.214419675366749,0.204300938844844,0.0896186970834275
SE.PRM.NENR,0.646153899484665,0.197918312171385,0.132327415234013,0.196869954837603,0.113321922244349
SE.PRM.OENR.FE.ZS,0.649526692031161,0.170108598999609,0.228360318775614,0.169768733817742,0.161548350265218
SE.PRM.OENR.MA.ZS,0.636574719689053,0.175723550995654,0.225990894401776,0.155998251007393,0.188734920426322
SE.PRM.OENR.ZS,0.639738499232362,0.169170224843878,0.231453172526197,0.164582376162505,0.180474284480676
SE.PRM.PRIV.ZS,0.162364682048613,0.381657011075085,0.192603378048711,0.173246994892771,0.145433787729706
SE.PRM.PRSL.FE.ZS,0.808244367065747,0.208917862508667,0.345681068877018,0.152352566483867,0.146738125783907
SE.PRM.PRSL.MA.ZS,0.794877828474914,0.218766960682048,0.358160990632713,0.143431868153383,0.130903533685148
SE.PRM.PRSL.ZS,0.79140569008812,0.216802556187964,0.358309451585701,0.150226920017354,0.131606540080236
SE.PRM.REPT.FE.ZS,0.714564870723924,0.222235973465511,0.23290621667214,0.214071912306113,0.144880034447058
SE.PRM.REPT.MA.ZS,0.672062208671191,0.210443593259618,0.220610963186681,0.193552160311028,0.142780555245946
SE.PRM.REPT.ZS,0.684380016014093,0.219478917179301,0.245355024656978,0.205921298793605,0.137955114584237
SE.PRM.TCHR.FE.ZS,0.790761883606432,0.265026230351807,0.231086296044277,0.309163180131768,0.259982406192036
SE.PRM.TENR,0.644832783139161,0.182869836173754,0.0883120879769609,0.207064680104146,0.113394054650267
SE.PRM.UNER.ZS,0.66278946102447,0.168198996549031,0.0907059576980734,0.182376784346993,0.11320331076454
SE.SEC.AGES,0.297135349792281,0.267138613403985,0.361224707558702,0.223341902814673,0.128378936371783
SE.SEC.CMPT.LO.FE.ZS,0.811963495436349,0.228380974310004,0.17921477108902,0.185313462915567,0.146812067079019
SE.SEC.CMPT.LO.MA.ZS,0.776965187838746,0.207979197655621,0.179591645407934,0.138018816058891,0.127388107212553
SE.SEC.CMPT.LO.ZS,0.793518741804531,0.208674905857945,0.191834261913218,0.171691238457829,0.131977770860216
SE.SEC.DURS,0.222943254638193,0.308100678849212,0.301858819255448,0.138641874386976,0.211093653089418
SE.SEC.ENRL.FE.ZS,0.592681112140204,0.238589150319459,0.121522352197002,0.225816399887254,0.269071070775859
SE.SEC.ENRL.GC.FE.ZS,0.655726769253376,0.168184427486537,0.101422902716196,0.181142887796165,0.269251136836114
SE.SEC.ENRL.TC.ZS,0.720320879089872,0.200155394958024,0.207371832445506,0.138798803726234,0.140737603356207
SE.SEC.ENRL.VO.FE.ZS,0.240636934626046,0.170023569854402,0.294362382385025,0.29971019700784,0.171187636224486
SE.SEC.ENRR,0.859606902071915,0.201502240256429,0.189272402104934,0.207760458126555,0.139249207439127
SE.SEC.ENRR.FE,0.856014466629818,0.200739009406586,0.174877763992018,0.202679206894714,0.159703181210589
SE.SEC.ENRR.MA,0.857865576037035,0.202604609544124,0.19467728082266,0.206366165264691,0.130582719696208
SE.SEC.NENR,0.861568720645335,0.244958322916837,0.187157008954977,0.240430980016332,0.118625577888282
SE.SEC.NENR.FE,0.862714859857786,0.244860243091634,0.172109989189549,0.228141240174933,0.125018930863138
SE.SEC.NENR.MA,0.858410691363404,0.249607459171158,0.19388835641732,0.24715283197573,0.121342574366612
SE.SEC.PRIV.ZS,0.232875736033721,0.358568276163087,0.287333783712614,0.144022461563602,0.142727786222162
SE.SEC.PROG.FE.ZS,0.7294548942632,0.194650122923273,0.266347094016104,0.1273314731788,0.161606167633579
SE.SEC.PROG.MA.ZS,0.669010714982406,0.179878107946445,0.256649902664735,0.103791551843661,0.126248099526151
SE.SEC.PROG.ZS,0.700605659648335,0.189689479658366,0.26882838891465,0.130743671238718,0.145321506473782
SE.SEC.TCHR.FE.ZS,0.746705839594739,0.298740615709158,0.217800120321281,0.285156216586798,0.230093143556977
SE.SEC.UNER.LO.ZS,0.745840293934393,0.193026855769926,0.159322352109539,0.141816694729269,0.161508861482962
SE.TER.ENRL.TC.ZS,0.307222959815203,0.119260951549222,0.105604472707821,0.107496769643291,0.181763256551654
SE.TER.ENRR,0.791763283147439,0.185698832220685,0.154735458703221,0.162209554193097,0.123090662664419
SE.TER.ENRR.FE,0.801992753859287,0.190737337655445,0.144386952907231,0.157611913167461,0.118345710906076
SE.TER.ENRR.MA,0.770798941401493,0.182805779118127,0.161860614089055,0.167199125777881,0.118023002764459
SE.XPD.PRIM.PC.ZS,0.590195366210811,0.20078017914862,0.150063073900837,0.248305298515486,0.174506888621596
SE.XPD.SECO.ZS,0.459807065879005,0.132970293701839,0.167005666995222,0.165885930985474,0.0942147273990929
SE.XPD.TERT.ZS,0.322241041107335,0.0823233535746113,0.133051615580824,0.300204195512499,0.126714479875652
SE.XPD.TOTL.GB.ZS,0.327510457676585,0.127563030462745,0.137239839046055,0.140945618562267,0.0918105600817703
SE.XPD.TOTL.GD.ZS,0.374455512678603,0.0896520647131845,0.11617197634379,0.148567527901676,0.215627310460001
SG.GEN.PARL.ZS,0.312879108415937,0.133035695042179,0.237409620755146,0.108137414930449,0.10470375152073
SG.LAW.INDX,0.54974435730478,0.249679256853803,0.344142709925533,0.270155290173274,0.232811890839168
SH.ANM.ALLW.ZS,0.79672739687334,0.182974472612157,0.267171977191059,0.262613144432508,0.185618284931253
SH.ANM.CHLD.ZS,0.893919336676494,0.233374680361109,0.219121999437482,0.302045984677208,0.170620393064662
SH.ANM.NPRG.ZS,0.788456580640545,0.180810798509442,0.270005693242116,0.26232705776721,0.185743197740145
SH.DYN.0509,0.836666783728608,0.314560886466568,0.198894218915384,0.295336769528368,0.173313771071576
SH.DYN.1014,0.858169471391951,0.296250154181156,0.204482519630847,0.304457230043437,0.15996278598841
SH.DYN.1519,0.829926485963069,0.270223222072574,0.21194243430992,0.273871581780426,0.139755212101416
SH.DYN.2024,0.772567221429484,0.23903460204117,0.196136840440239,0.273556464972561,0.171703223819728
SH.DYN.AIDS.FE.ZS,0.7231016701512,0.193145811959985,0.174275666472731,0.219312858836344,0.215119749730327
SH.DYN.AIDS.ZS,0.419417560673696,0.239275037426553,0.215927117147049,0.292302584555858,0.39961601826998
SH.DYN.MORT,0.868096243051888,0.295490680174944,0.154647391488596,0.288355126752851,0.161018554683249
SH.DYN.MORT.FE,0.863950281576342,0.292368755821349,0.153503851611779,0.289767354587133,0.160996437485719
SH.DYN.MORT.MA,0.870995974180676,0.297961875832422,0.155515606054309,0.287052310675209,0.161017058610712
SH.DYN.NCOM.FE.ZS,0.707900293833259,0.199152778016452,0.253609124661726,0.169677232435793,0.113672066768284
SH.DYN.NCOM.MA.ZS,0.357390768769905,0.398241182552506,0.379118014728085,0.247959562599052,0.110460344483392
SH.DYN.NCOM.ZS,0.530025205990901,0.322273812339295,0.338968995803585,0.183981868575231,0.100098918265233
SH.DYN.NMRT,0.8777396260391,0.239876066238858,0.130208202185189,0.268515438054326,0.17037382554398
SH.H2O.BASW.RU.ZS,0.839887792027474,0.228018967660052,0.17389322621578,0.254299203218975,0.15762066198836
SH.H2O.BASW.UR.ZS,0.800615674153051,0.210606971801195,0.182927301421848,0.280652866743866,0.138078872439966
SH.H2O.BASW.ZS,0.857233921019204,0.302777950161105,0.19845086142617,0.232282046224007,0.169744784400286
SH.H2O.SMDW.ZS,0.901003864133867,0.209054668888422,0.247835990021854,0.286803212950542,0.152786851907488
SH.HIV.1524.FE.ZS,0.422606569683777,0.245760796832464,0.185516682654601,0.307324414609266,0.375362236956091
SH.HIV.1524.MA.ZS,0.386741347820343,0.232779739307081,0.222166014112547,0.246193986452066,0.372622714591048
SH.HIV.ARTC.ZS,0.386136618562198,0.10220017940362,0.197136977307253,0.120457349001957,0.0981258849289238
SH.HIV.INCD.TL.P3,0.413989375222749,0.204460749640981,0.187920703903192,0.300126984626206,0.38134885300122
SH.HIV.INCD.YG.P3,0.396735034011633,0.207560237603298,0.188112678020396,0.286159638325135,0.375768877334776
SH.HIV.INCD.ZS,0.394114458623679,0.198132764102383,0.186077920431934,0.291396155504903,0.38928631296885
SH.IMM.HEPB,0.370599346669009,0.0859083946101555,0.162821921388688,0.134818088966235,0.146871654484938
SH.IMM.IDPT,0.602338841917255,0.105009761646743,0.13408419510407,0.175604341948028,0.139856540893961
SH.IMM.MEAS,0.5972919005652,0.139540832656579,0.150616018923695,0.223390483677903,0.134911580326293
SH.MED.BEDS.ZS,0.606475235415475,0.615099584908686,0.179086677488535,0.191893215155189,0.160867624772153
SH.MED.NUMW.P3,0.779302821819557,0.27291392768021,0.300834213626567,0.314294646545569,0.172828606777076
SH.MED.PHYS.ZS,0.810406864868932,0.28622979129403,0.18311224428616,0.143178958825358,0.152244848367644
SH.MLR.INCD.P3,0.789116384419669,0.439236089716651,0.319693859615157,0.405905690157129,0.253202076178123
SH.MMR.RISK,0.807698949437549,0.273112501000648,0.169396708178996,0.247222321788196,0.0887208628052471
SH.MMR.RISK.ZS,0.825502307709563,0.291444222102232,0.195714801402169,0.300717929722916,0.189849163140099
SH.PRG.ANEM,0.835285446142655,0.196655286685809,0.251171680795211,0.240319706284791,0.18855517781686
SH.PRV.SMOK,0.38767589863467,0.28428749000512,0.204570755944974,0.17975861693889,0.0974503281293178
SH.PRV.SMOK.FE,0.559248290581359,0.220809224478956,0.143378853625855,0.155771175489209,0.189687990932039
SH.PRV.SMOK.MA,0.262832857099613,0.246788815530118,0.325648909202365,0.269487157243647,0.1473419538227
SH.SGR.CRSK.ZS,0.673552577315431,0.198111297406101,0.159885822690301,0.197894615559247,0.21357218870883
SH.SGR.IRSK.ZS,0.846051701953981,0.28525519564973,0.172040546143737,0.18769696261811,0.185489506081089
SH.STA.BASS.RU.ZS,0.8517610088894,0.204814129505225,0.218448701839039,0.245304141117484,0.161995683872507
SH.STA.BASS.UR.ZS,0.852058706025033,0.252356639540539,0.236104567813927,0.28567945111124,0.156479884576806
SH.STA.BASS.ZS,0.870630044903566,0.269296498957735,0.235117279439814,0.243001177237534,0.164949396142613
SH.STA.BRTC.ZS,0.743135188895056,0.168491160732246,0.1535676790493,0.159420648675893,0.172227175525919
SH.STA.BRTW.ZS,0.695134970685707,0.26615591304168,0.22911252000868,0.16304390513085,0.138732643474533
SH.STA.MMRT,0.839566783065156,0.293372164058596,0.204295840991644,0.300353347555653,0.170929257513986
SH.STA.MMRT.NE,0.660678230660767,0.204536517270217,0.156373559756074,0.267167683834906,0.112117967611253
SH.STA.ODFC.RU.ZS,0.67706669020394,0.172662901906216,0.174991456171451,0.175281790786012,0.143077067150816
SH.STA.ODFC.UR.ZS,0.575245982753882,0.150994827691489,0.212679786269564,0.134510780072961,0.113099002718334
SH.STA.ODFC.ZS,0.696945168353012,0.214324199443485,0.195075010204471,0.171454457623854,0.130341653120376
SH.STA.OWGH.ME.ZS,0.468300964541241,0.208514868443865,0.375972434379235,0.190522953709073,0.247702050847211
SH.STA.POIS.P5,0.624750124574241,0.485265879986565,0.177799780217629,0.188640928971942,0.16525841331908
SH.STA.POIS.P5.FE,0.634358402758548,0.425361980784762,0.174944706107652,0.211502721172173,0.162613758084308
SH.STA.POIS.P5.MA,0.593803828097852,0.50560770010536,0.178172595705141,0.172065841479108,0.164056727690257
SH.STA.SMSS.UR.ZS,0.693416537563965,0.148232477170261,0.175951779534493,0.273968514615529,0.0885182607340529
SH.STA.SMSS.ZS,0.747522190006804,0.152507710967773,0.160192896183488,0.307321524827208,0.125327934142
SH.STA.STNT.ME.ZS,0.818751856636127,0.285778919982584,0.238492730866519,0.222170932681828,0.207470574984247
SH.STA.SUIC.FE.P5,0.334641992073682,0.366572538326263,0.122460399229395,0.1985701153103,0.163099157468459
SH.STA.SUIC.MA.P5,0.37987522811072,0.404014677546199,0.21185980226054,0.148706712001506,0.201786863557593
SH.STA.SUIC.P5,0.37855461798835,0.396516229144885,0.189772225890557,0.154123219091622,0.181693134101408
SH.STA.TRAF.P5,0.693320816933175,0.184576409723055,0.177574604282578,0.217224561532848,0.0889655994669811
SH.TBS.CURE.ZS,0.162868746417838,0.0938162380607417,0.104515145855816,0.120202704421072,0.147200908471603
SH.TBS.DTEC.ZS,0.726173086832413,0.247885363969026,0.113968841869857,0.140560974420011,0.187955170164934
SH.TBS.INCD,0.637010314593551,0.301374712337615,0.139168827609442,0.170435217592735,0.235388117748591
SH.VAC.TTNS.ZS,0.348773967730776,0.122106405795632,0.0805448608572119,0.145448962175504,0.127789600168463
SH.XPD.CHEX.GD.ZS,0.510273770845035,0.144036978735812,0.208364494147973,0.227699065629686,0.346058996395055
SH.XPD.CHEX.PC.CD,0.747825481164786,0.199411660014624,0.378957324953347,0.397067929280582,0.147178574478428
SH.XPD.CHEX.PP.CD,0.816676847946605,0.195306095947383,0.310096266503481,0.362110172174535,0.15600642599776
SH.XPD.EHEX.CH.ZS,0.726294817860785,0.336351822092109,0.241720936526833,0.188839781759483,0.174419358372512
SH.XPD.EHEX.PC.CD,0.36046632885039,0.125192731688888,0.168233335999423,0.141229003136007,0.35838871212012
SH.XPD.EHEX.PP.CD,0.438093291239448,0.176631338946433,0.147765341018511,0.14466790850537,0.32213999642397
SH.XPD.GHED.CH.ZS,0.706167814275331,0.199450718431232,0.108444145279731,0.171202879084141,0.181263232412742
SH.XPD.GHED.GD.ZS,0.767733977804352,0.171076680966135,0.229621746426966,0.228370281638192,0.272864242670781
SH.XPD.GHED.GE.ZS,0.604930891753344,0.164285947360477,0.257742615616517,0.173938474662978,0.25383736105542
SH.XPD.GHED.PC.CD,0.739644461706662,0.190436511711417,0.36854016705374,0.398338575637697,0.146517800010991
SH.XPD.GHED.PP.CD,0.80409291946473,0.183216835502492,0.299481803320687,0.367562405697604,0.1600303391123
SH.XPD.OOPC.CH.ZS,0.43509436360056,0.10921994972964,0.214176922453293,0.197405723421716,0.179907154366816
SH.XPD.OOPC.PC.CD,0.758233313267084,0.202007121466732,0.331217422768396,0.330628275990675,0.0922663599376263
SH.XPD.OOPC.PP.CD,0.773912640445885,0.190177755360964,0.206813085628517,0.227101223035425,0.0917009646291107
SH.XPD.PVTD.CH.ZS,0.40790247146693,0.107035731067581,0.146999123869696,0.17572126125944,0.179795835005623
SH.XPD.PVTD.PC.CD,0.724217871766265,0.210764416496294,0.345425798227769,0.332738699467574,0.109308279290955
SH.XPD.PVTD.PP.CD,0.754407794829687,0.204529748375196,0.241150095183629,0.248375218862517,0.108960906022414
SL.AGR.EMPL.FE.ZS,0.779588699236165,0.384313212181744,0.143652095052486,0.146504092619648,0.217117676793761
SL.AGR.EMPL.MA.ZS,0.841781302030414,0.348634980817452,0.228264412936254,0.239498670448931,0.181828655039726
SL.AGR.EMPL.ZS,0.840399653593699,0.378800108088174,0.193613382926604,0.209656399070975,0.202322584829914
SL.EMP.1524.SP.FE.NE.ZS,0.306374288911365,0.222475726511534,0.694398963711542,0.350269611520595,0.35030874206803
SL.EMP.1524.SP.FE.ZS,0.295007474629688,0.333439744151547,0.674877090806896,0.172476973798153,0.287007337441562
SL.EMP.1524.SP.MA.NE.ZS,0.181209424973435,0.372429495386058,0.54289302342452,0.251354996683601,0.305950991974978
SL.EMP.1524.SP.MA.ZS,0.200716178064818,0.167610850163201,0.496031548873242,0.24344699166158,0.24441245591937
SL.EMP.1524.SP.NE.ZS,0.189369335210049,0.280214758148741,0.646964333103907,0.267256684305798,0.337739488231143
SL.EMP.1524.SP.ZS,0.228967315832253,0.185351508536375,0.624943401108838,0.184678589562914,0.28217357917244
SL.EMP.MPYR.FE.ZS,0.375478047963825,0.168100621956594,0.150036663245817,0.156614969488932,0.231622470503499
SL.EMP.MPYR.MA.ZS,0.463247679702027,0.254464040365637,0.127806169157328,0.138920784801154,0.199681465068466
SL.EMP.MPYR.ZS,0.43849117967088,0.290506429188818,0.11528496837185,0.141092663337931,0.21187401078617
SL.EMP.SELF.FE.ZS,0.887872049730264,0.277788450142215,0.21648559974475,0.249663539056567,0.2020323049695
SL.EMP.SELF.MA.ZS,0.849246741485756,0.304091960922245,0.22181882804463,0.225864044944896,0.238192112501493
SL.EMP.SELF.ZS,0.879085622897046,0.303892558017557,0.229977410156347,0.238724439976636,0.226330110736386
SL.EMP.TOTL.SP.FE.NE.ZS,0.292647472256552,0.309305379743567,0.514776634690063,0.184485887547535,0.304658231426362
SL.EMP.TOTL.SP.FE.ZS,0.365831649411133,0.466235069404986,0.602323265827945,0.179209879843696,0.255108753580119
SL.EMP.TOTL.SP.MA.NE.ZS,0.374758854778217,0.338483665171847,0.387488838581452,0.33608047733127,0.409468636417069
SL.EMP.TOTL.SP.MA.ZS,0.289563606048307,0.182417273927986,0.424762990473563,0.312715182475104,0.385864823965083
SL.EMP.TOTL.SP.NE.ZS,0.205645451153699,0.153368441025185,0.515189998347233,0.195151291139359,0.398491340883847
SL.EMP.TOTL.SP.ZS,0.310893748122463,0.254859478128488,0.591280436739967,0.20550675608322,0.345877210353643
SL.EMP.VULN.FE.ZS,0.889394225250257,0.279090205960658,0.213826239837764,0.25103309938449,0.201600048616858
SL.EMP.VULN.MA.ZS,0.859074539301728,0.315744278829513,0.220023961320501,0.230319801187843,0.230197622163277
SL.EMP.VULN.ZS,0.882204271867255,0.313557107713867,0.231004555694956,0.242008204015128,0.221482716981063
SL.EMP.WORK.FE.ZS,0.887871850293305,0.277788420956044,0.216485482667571,0.249663537026513,0.202032289395546
SL.EMP.WORK.MA.ZS,0.849246720354817,0.304091850551079,0.221818722256014,0.225863932982978,0.238191791654149
SL.EMP.WORK.ZS,0.879085589833507,0.30389254235982,0.229977377465135,0.23872433978445,0.22633021327022
SL.FAM.WORK.FE.ZS,0.665053535470979,0.278733104130878,0.0982182420584829,0.113002176051672,0.220485783797965
SL.FAM.WORK.MA.ZS,0.719477483405454,0.320364382917336,0.173995932923963,0.118266944899261,0.186389838678458
SL.FAM.WORK.ZS,0.707215176788892,0.342371774523781,0.16833685703269,0.120615184058823,0.209747343145123
SL.GDP.PCAP.EM.KD,0.790798398928287,0.268024826413968,0.215979084674539,0.370540943658489,0.248750354098695
SL.IND.EMPL.FE.ZS,0.372997693298701,0.190567314394607,0.234099056253318,0.209536039600699,0.0869350078489965
SL.IND.EMPL.MA.ZS,0.809515772231459,0.299541772320494,0.237827947150014,0.172732437655952,0.132052387502214
SL.IND.EMPL.ZS,0.705820512438924,0.30581041895836,0.319914928789211,0.173432931245283,0.148304686407109
SL.SRV.EMPL.FE.ZS,0.730403119014875,0.418102444246134,0.17647080134544,0.176941986685515,0.219124986832507
SL.SRV.EMPL.MA.ZS,0.685730363875539,0.451408768702864,0.204403953851663,0.253635515919651,0.171462640952569
SL.SRV.EMPL.ZS,0.751418755992934,0.415073580550845,0.218494062005221,0.203381692997685,0.199295932150614
SL.TLF.ACTI.1524.FE.NE.ZS,0.280944025746273,0.205866246039671,0.648298118213242,0.317575399329086,0.242005091425869
SL.TLF.ACTI.1524.FE.ZS,0.259083100312351,0.322176318785992,0.668539845693973,0.165171429190729,0.192307173079637
SL.TLF.ACTI.1524.MA.NE.ZS,0.20520692131831,0.398252063703973,0.467928309938033,0.251429997766327,0.207035821541437
SL.TLF.ACTI.1524.MA.ZS,0.136239912066193,0.187277478888688,0.443145011263117,0.24476073780694,0.140015372703333
SL.TLF.ACTI.1524.NE.ZS,0.175457921003903,0.267320349114725,0.597322994494425,0.255888568907021,0.221716690552921
SL.TLF.ACTI.1524.ZS,0.169712638080782,0.149465915788276,0.610886529224705,0.190141006195188,0.161887430924097
SL.TLF.ACTI.FE.ZS,0.323738048600716,0.531823902697274,0.555828959552355,0.176928721161956,0.161449559737414
SL.TLF.ACTI.MA.ZS,0.238793444693357,0.130973919935086,0.434094425039183,0.270818758544621,0.269010935279494
SL.TLF.ACTI.ZS,0.317055382641722,0.345632169542216,0.571090276678694,0.198357326801332,0.190172800211959
SL.TLF.ADVN.FE.ZS,0.372719164698635,0.122520317816136,0.307465845312079,0.120359787127728,0.241786233687835
SL.TLF.ADVN.MA.ZS,0.224093835435892,0.27321735091918,0.24918228335793,0.241485056412715,0.101919411168216
SL.TLF.ADVN.ZS,0.242575093955258,0.143750286175321,0.320185332364143,0.141642663775921,0.136532107228794
SL.TLF.BASC.FE.ZS,0.374259299373473,0.2832544201108,0.510201868571096,0.269384227165996,0.220587708005989
SL.TLF.BASC.MA.ZS,0.586211903183535,0.555843015435104,0.349779119686574,0.40139339968754,0.22284360664819
SL.TLF.BASC.ZS,0.531990887681213,0.457421985501007,0.416301414547953,0.380012120928797,0.251250915515519
SL.TLF.CACT.FE.NE.ZS,0.296036206135305,0.334872148090911,0.475355586207578,0.162248260386166,0.200228271647576
SL.TLF.CACT.FE.ZS,0.351673210316147,0.481125965262615,0.574437361123684,0.168405879322699,0.170605521664917
SL.TLF.CACT.FM.NE.ZS,0.407236710574917,0.512092481739832,0.381385054057002,0.244937371743019,0.170531369392956
SL.TLF.CACT.FM.ZS,0.32969194261256,0.590211235580687,0.465075683930004,0.19367811008932,0.178757114247347
SL.TLF.CACT.MA.NE.ZS,0.440455330387303,0.364745055886806,0.307631801092953,0.377579875342107,0.324207318056715
SL.TLF.CACT.MA.ZS,0.304352926463924,0.214940740789974,0.351689515651076,0.335685612072108,0.294409951474168
SL.TLF.CACT.NE.ZS,0.223911654104291,0.151449595508635,0.473774441705527,0.195533230699423,0.288830033955675
SL.TLF.CACT.ZS,0.304585512413814,0.265448056044936,0.567798116954996,0.196453495977358,0.228155864190179
SL.TLF.INTM.FE.ZS,0.376424752109238,0.243684062028767,0.434961216973468,0.18858953688733,0.167834553708614
SL.TLF.INTM.MA.ZS,0.25665261800113,0.212603361955623,0.308091525870319,0.318890436521754,0.11113574450669
SL.TLF.INTM.ZS,0.268131468273607,0.151398319304616,0.401054559793055,0.152402827924401,0.127657054655203
SL.TLF.TOTL.FE.ZS,0.289591120232341,0.620613922731669,0.471421417568548,0.201295757342306,0.242618917396916
SL.UEM.1524.FE.NE.ZS,0.197879579824526,0.148200782549065,0.470977502663238,0.15045793918934,0.492016611644576
SL.UEM.1524.FE.ZS,0.317900900330054,0.264118225063871,0.444448454105138,0.113185854386472,0.472160212864355
SL.UEM.1524.MA.NE.ZS,0.229874344569413,0.192917279464281,0.417982310430249,0.196615658585406,0.464995884393591
SL.UEM.1524.MA.ZS,0.331855902176428,0.153682181918211,0.42786207032985,0.155471085668996,0.438029036759036
SL.UEM.1524.NE.ZS,0.187674784872146,0.156175873862023,0.450917123145062,0.155115907470744,0.493497086660595
SL.UEM.1524.ZS,0.327859374268656,0.190000180364699,0.432597245244141,0.126796018209649,0.475232046431981
SL.UEM.ADVN.FE.ZS,0.423811110365022,0.144065820400547,0.43668403140594,0.168152817595561,0.201699821616874
SL.UEM.ADVN.MA.ZS,0.316245602806826,0.119025516887155,0.42709360198978,0.104847249401076,0.227067113486304
SL.UEM.ADVN.ZS,0.359519299446862,0.108539213452988,0.438699156498048,0.135306853439652,0.229423728751594
SL.UEM.BASC.FE.ZS,0.338019022792313,0.266515045864226,0.3180485009006,0.268834332369299,0.432655140687622
SL.UEM.BASC.MA.ZS,0.416000048854721,0.379840422850053,0.389900001297097,0.321272153619882,0.382145142717172
SL.UEM.BASC.ZS,0.394331730858373,0.341788915081921,0.362351801043761,0.307101118283855,0.417633408237241
SL.UEM.INTM.FE.ZS,0.291141553039551,0.117008916360553,0.452661277804084,0.168554788416325,0.404962911821298
SL.UEM.INTM.MA.ZS,0.115886573293591,0.198723293982032,0.4407383438716,0.136602526514822,0.412491055646112
SL.UEM.INTM.ZS,0.180188339947662,0.142705322717626,0.438450946433198,0.149013422424436,0.448395708089338
SL.UEM.NEET.FE.ZS,0.736635380777417,0.380743134893357,0.374447471692566,0.435414436304572,0.213792344967633
SL.UEM.NEET.MA.ZS,0.349590500435975,0.125598030034875,0.458563290119972,0.178599192098278,0.344446464944091
SL.UEM.NEET.ZS,0.642031583464192,0.28290567497274,0.422376388745105,0.366987613067476,0.2630373169404
SL.UEM.TOTL.FE.NE.ZS,0.1918420549923,0.175250723969144,0.425721790496396,0.1168813494086,0.483866162967188
SL.UEM.TOTL.FE.ZS,0.246039063525576,0.243949227448856,0.44970218844775,0.15128707925564,0.483798644251192
SL.UEM.TOTL.MA.NE.ZS,0.158668494446907,0.190737727542052,0.382634563214997,0.147441827248949,0.482674416312811
SL.UEM.TOTL.MA.ZS,0.225952532396421,0.134030993105637,0.423801563382794,0.154164989965852,0.480018805855504
SL.UEM.TOTL.NE.ZS,0.146076801480321,0.144993890195964,0.3787410287025,0.120731459758988,0.51992502023011
SL.UEM.TOTL.ZS,0.234926927533293,0.155047734548749,0.426085944002086,0.145164633572972,0.512681979503708
SN.ITK.DEFC.ZS,0.756135328694717,0.16534653980276,0.167149306539593,0.18121766615324,0.105747613891772
SN.ITK.MSFI.ZS,0.842403249379941,0.24287048319264,0.256540498758622,0.222265372427396,0.173112385686702
SN.ITK.SVFI.ZS,0.747035872295388,0.227851281304286,0.206079665204346,0.194983965025101,0.167137615115087
SP.ADO.TFRT,0.800153397271002,0.182031416413011,0.279462935112852,0.244226049526739,0.216169088713605
SP.DYN.AMRT.FE,0.832960030930431,0.29136533550748,0.190915645189454,0.303575428805545,0.18852592419416
SP.DYN.AMRT.MA,0.717272518273175,0.349136386076178,0.145171577425736,0.26936200489948,0.224212858514561
SP.DYN.CBRT.IN,0.914342102981712,0.291425191375189,0.154755487262882,0.256591618695836,0.158435920619115
SP.DYN.CDRT.IN,0.379251174938464,0.627194593295706,0.1872712676031,0.294264255814593,0.262509698548599
SP.DYN.IMRT.FE.IN,0.875127621624464,0.277432977790305,0.144950792393473,0.274941538259774,0.161430020892343
SP.DYN.IMRT.IN,0.877524280712691,0.281121847964847,0.14491978817847,0.273968183026129,0.161613952407078
SP.DYN.IMRT.MA.IN,0.878747381488068,0.283813371943197,0.144785411046611,0.273150315626019,0.161703590111936
SP.DYN.LE00.FE.IN,0.882557341293055,0.287728508830778,0.213744634654568,0.310967397844499,0.151196579503525
SP.DYN.LE00.IN,0.865147269401577,0.3014762130079,0.214433784535899,0.315342546994164,0.159332832257742
SP.DYN.LE00.MA.IN,0.832759697499845,0.323595819901242,0.202346161132948,0.312440826304995,0.170537783876494
SP.DYN.TFRT.IN,0.881568128040251,0.267185128739732,0.150814499388101,0.267179259235347,0.157774727271979
SP.DYN.TO65.FE.ZS,0.866093280079288,0.286447079272434,0.18912464762467,0.305582976327895,0.16388007071325
SP.DYN.TO65.MA.ZS,0.772035212434807,0.346315969290678,0.17892806312961,0.28745236679846,0.195376888446516
SP.POP.0004.FE.5Y,0.903270980531947,0.304004263302574,0.1427223111639,0.242895164884682,0.138443311093393
SP.POP.0004.MA.5Y,0.915819743925076,0.269501133329081,0.151697026888583,0.245540582303914,0.161287603436537
SP.POP.0014.FE.ZS,0.909530653158877,0.297583316767304,0.135100272579959,0.227234223780925,0.121950255312789
SP.POP.0014.MA.ZS,0.918331603200746,0.252142911833837,0.146397142184183,0.235453545320187,0.148875335762858
SP.POP.0014.TO.ZS,0.918843551790159,0.273969671187481,0.14343094073463,0.228690126430955,0.136280908680819
SP.POP.0509.FE.5Y,0.898864869983486,0.290173811833443,0.127562557037687,0.215592982621762,0.117643685011837
SP.POP.0509.MA.5Y,0.907481815074826,0.244058757689749,0.140411763726229,0.22208760024247,0.145105830517876
SP.POP.1014.FE.5Y,0.885738851138883,0.268531587468592,0.120140542125039,0.192502045579162,0.0929704220834788
SP.POP.1014.MA.5Y,0.883458675228506,0.20756498379737,0.129435191434212,0.208078739147171,0.135180447387823
SP.POP.1519.FE.5Y,0.846454358021287,0.256796443458464,0.132118158822417,0.18542181893569,0.0758406493888825
SP.POP.1519.MA.5Y,0.830087036311103,0.181482410597381,0.132858776115703,0.213101374303062,0.129771238200464
SP.POP.1564.FE.ZS,0.799187656823408,0.185472085358057,0.153050346021937,0.240697331634277,0.187168787347128
SP.POP.1564.MA.ZS,0.851407779096672,0.223719164122645,0.18469677829868,0.219280118363677,0.222383296836089
SP.POP.1564.TO.ZS,0.83316843382556,0.205594478001383,0.174937244762478,0.22434841086067,0.219878316322992
SP.POP.2024.FE.5Y,0.752371661458886,0.306663233217023,0.168659670613563,0.198296647629907,0.0854271787251142
SP.POP.2024.MA.5Y,0.687944624676276,0.254162415182641,0.208828439834895,0.228686721420931,0.0955642540825264
SP.POP.2529.FE.5Y,0.479807220412258,0.391732622312899,0.218819256427819,0.252955826875222,0.245247529605058
SP.POP.2529.MA.5Y,0.346095628484685,0.313396087816892,0.286863523512321,0.281501719186085,0.276193635058525
SP.POP.3034.FE.5Y,0.405636616756442,0.333341203369863,0.173273847984696,0.262982898196216,0.320180445761777
SP.POP.3034.MA.5Y,0.506427153530872,0.241122022016308,0.245674837256343,0.247194422637331,0.337968469182169
SP.POP.3539.FE.5Y,0.694044315974512,0.202385000315398,0.132465445624542,0.239362655320008,0.262742379291249
SP.POP.3539.MA.5Y,0.74241598655308,0.200991170518537,0.18809505032405,0.217049812196405,0.306653089611479
SP.POP.4044.FE.5Y,0.820980295797354,0.183274759853626,0.117130934757807,0.224080533578174,0.147476662686045
SP.POP.4044.MA.5Y,0.846897317733701,0.205085103690633,0.144502349682677,0.216474774988934,0.21793022348469
SP.POP.4549.FE.5Y,0.850594125151465,0.226547998945376,0.111028385332596,0.214461752902989,0.0980362500071641
SP.POP.4549.MA.5Y,0.879364458286555,0.234784692239388,0.126684714669103,0.211130340771823,0.135172084989069
SP.POP.5054.FE.5Y,0.839195436922096,0.250315140397614,0.11236736970887,0.193153824500931,0.0951614897551645
SP.POP.5054.MA.5Y,0.866044611664035,0.255340518070394,0.123717166875411,0.194954685242701,0.0970634173558629
SP.POP.5559.FE.5Y,0.832250720944892,0.297677709283303,0.111349550115018,0.184173519080921,0.103782730259126
SP.POP.5559.MA.5Y,0.848718840435043,0.283095666671917,0.119206826921161,0.194151054184406,0.0921455208645378
SP.POP.6064.FE.5Y,0.834910605166502,0.339307379821641,0.118254059902356,0.185329837472378,0.12037626325789
SP.POP.6064.MA.5Y,0.844343596910803,0.306442589227502,0.122946017630054,0.201757529229724,0.111569348731078
SP.POP.6569.FE.5Y,0.839920155159476,0.368529388836782,0.128209033653468,0.190537265754206,0.135954561700266
SP.POP.6569.MA.5Y,0.847570832885743,0.319205268448034,0.130391263732679,0.210450051384124,0.133588941656839
SP.POP.65UP.FE.ZS,0.860295223221236,0.340856356047593,0.12686630773477,0.212795810239038,0.146613851505745
SP.POP.65UP.MA.ZS,0.859821677257765,0.286513171925115,0.161382264172656,0.236371184292267,0.149464251533575
SP.POP.65UP.TO.ZS,0.862829839232064,0.321959428381611,0.136038352091683,0.22146891413149,0.149108880168703
SP.POP.7074.FE.5Y,0.847612182160334,0.368076094918651,0.12885088655375,0.198261994343071,0.146428731263717
SP.POP.7074.MA.5Y,0.852372198969558,0.300525211117195,0.144214048060902,0.222413050695105,0.150099365695918
SP.POP.7579.FE.5Y,0.85061509936614,0.337800963677937,0.12744035164127,0.206106876463401,0.152551424648349
SP.POP.7579.MA.5Y,0.844486467157039,0.259083328891216,0.168635916846585,0.230987350653864,0.158062732445279
SP.POP.80UP.FE.5Y,0.853478917982141,0.274298976753689,0.17687423804534,0.23855453118667,0.153097624005307
SP.POP.80UP.MA.5Y,0.829159975687756,0.208706733662274,0.228457872658399,0.250266173408307,0.162078803167361
SP.POP.BRTH.MF,0.492770819217481,0.232184452735965,0.202896608446577,0.282318746721066,0.236053815172722
SP.POP.DPND,0.83794393541396,0.212420341205131,0.175125501245254,0.230390031717024,0.209256903687627
SP.POP.DPND.OL,0.845714420030044,0.318316039768803,0.145075946178641,0.214648441863279,0.166369008286669
SP.POP.DPND.YG,0.909472689913891,0.256827774566766,0.150940138765107,0.233619360534107,0.150755895019011
SP.POP.GROW,0.666826262181396,0.328190652128347,0.18829520009004,0.244645284835963,0.216933687753753
SP.POP.TOTL.FE.ZS,0.292766925518228,0.459576993302311,0.2845268411367,0.16791953435607,0.422955581488277
SP.POP.TOTL.MA.ZS,0.292767037098931,0.459575921171209,0.284527288292613,0.167919981012217,0.422956856826576
SP.RUR.TOTL.ZG,0.596751483227758,0.147026600251813,0.0900265241642404,0.137421927875919,0.156951591396053
SP.RUR.TOTL.ZS,0.675812920648285,0.317673191125174,0.185762318300528,0.178984662362709,0.130314115305823
SP.URB.GROW,0.706692892969874,0.290794634420002,0.189442457001375,0.21147390898955,0.224890784989963
SP.URB.TOTL.IN.ZS,0.675812920648285,0.317673191125174,0.185762318300528,0.178984662362709,0.130314115305823
ST.INT.RCPT.XP.ZS,0.142664710276014,0.185344516123461,0.113978258050562,0.16267212774344,0.402972184540462
ST.INT.XPND.MP.ZS,0.109086476626549,0.103210199713892,0.103528620124414,0.0862687388615573,0.113257348679478
TG.VAL.TOTL.GD.ZS,0.284231189115684,0.154052781998645,0.17856977594757,0.0678682410995356,0.145009585674846
TM.QTY.MRCH.XD.WD,0.157584422538962,0.154276279926443,0.141519316844713,0.110411602522669,0.132331110546256
TM.TAX.MANF.BC.ZS,0.532367733592026,0.199324236552873,0.135975752270238,0.173286100434283,0.200461789723223
TM.TAX.MANF.BR.ZS,0.703263059008112,0.358269697279339,0.196508676584059,0.326109169859124,0.110159734395504
TM.TAX.MANF.IP.ZS,0.666780970604268,0.181162486512583,0.148424310864506,0.121124382972225,0.101537869736108
TM.TAX.MANF.SM.AR.ZS,0.706593559185023,0.213630551327697,0.148239173193874,0.201107551857301,0.0898445784132408
TM.TAX.MANF.SM.FN.ZS,0.664385088081264,0.160122742079963,0.149271293476517,0.164905528361259,0.108983496631422
TM.TAX.MANF.SR.ZS,0.0852374974097229,0.0891918722950169,0.0635174073238116,0.0821278668238259,0.0839963891375503
TM.TAX.MANF.WM.AR.ZS,0.622829284682349,0.230967947433821,0.14785177619969,0.163107038959943,0.0735485202933598
TM.TAX.MANF.WM.FN.ZS,0.644352827373984,0.22116120123622,0.171321540255339,0.173390137171961,0.118573656999994
TM.TAX.MRCH.BC.ZS,0.538445284757147,0.197401529320304,0.131780244227054,0.174757663271724,0.194037346018487
TM.TAX.MRCH.BR.ZS,0.705550921154747,0.335730495143011,0.187840647323158,0.275348564193106,0.10246326881626
TM.TAX.MRCH.IP.ZS,0.645269305869657,0.162387234870092,0.147183685788854,0.119141398846853,0.120572786637569
TM.TAX.MRCH.SM.AR.ZS,0.685388612235242,0.204034377474164,0.14554232810904,0.181027970321092,0.0875146297209143
TM.TAX.MRCH.SM.FN.ZS,0.586751022880054,0.164965350721827,0.141709436143089,0.118958871231401,0.140831930139258
TM.TAX.MRCH.SR.ZS,0.429234407900593,0.18906065052635,0.0903796439204963,0.208836462918408,0.0963741489870059
TM.TAX.MRCH.WM.AR.ZS,0.612454205088825,0.214988299156599,0.134055775897737,0.145324597121379,0.0745492126401858
TM.TAX.MRCH.WM.FN.ZS,0.633290266118908,0.207252110888127,0.155753746398144,0.174288185601164,0.106328717610666
TM.TAX.TCOM.BC.ZS,0.549940869017013,0.171952970514712,0.114623394347296,0.177722913059821,0.164935353759593
TM.TAX.TCOM.BR.ZS,0.638762871764558,0.285929267472346,0.16128505987665,0.212516802710897,0.103055603671747
TM.TAX.TCOM.IP.ZS,0.536934173162984,0.134147171232717,0.103548798233314,0.134332348066232,0.188220905487744
TM.TAX.TCOM.SM.AR.ZS,0.483247017446352,0.155562454800168,0.0918988121760375,0.11849741663097,0.134921621591509
TM.TAX.TCOM.SM.FN.ZS,0.251213951746865,0.134690231121511,0.1331042270526,0.147514788532159,0.206018024402538
TM.TAX.TCOM.SR.ZS,0.485602411506004,0.201543678645897,0.0954531643999543,0.246212100066759,0.128632839936793
TM.TAX.TCOM.WM.AR.ZS,0.47366895377807,0.164937738289546,0.074590947602482,0.0814431639225765,0.124401601429139
TM.TAX.TCOM.WM.FN.ZS,0.480128610842966,0.163118471903196,0.0888723648823988,0.111543552775308,0.0807133031835802
TM.UVI.MRCH.XD.WD,0.256572000233443,0.0950564014487923,0.0499070301821323,0.0944693762783985,0.0407995755240675
TM.VAL.AGRI.ZS.UN,0.138411258061684,0.146497287481789,0.0808961899115601,0.114681157625467,0.184986261205952
TM.VAL.FOOD.ZS.UN,0.45169935640822,0.164311349904119,0.205626451590143,0.112773804887653,0.257716476121558
TM.VAL.FUEL.ZS.UN,0.193479937788632,0.108332755752567,0.137227178710464,0.11694059473944,0.206040429554295
TM.VAL.ICTG.ZS.UN,0.411789096285063,0.103685606822641,0.318272640199447,0.0883933303670244,0.25487663523242
TM.VAL.INSF.ZS.WT,0.113482430979618,0.302738090017701,0.092337580673374,0.144118503047977,0.131860343924651
TM.VAL.MANF.ZS.UN,0.292336466023324,0.088318956282868,0.211325413862614,0.119652594207303,0.174229378377622
TM.VAL.MMTL.ZS.UN,0.393465793973612,0.182613029253866,0.182015254869173,0.205668754383813,0.308077530192634
TM.VAL.MRCH.AL.ZS,0.235962909149256,0.186807394276005,0.234583685357516,0.289156884557307,0.231952899531195
TM.VAL.MRCH.HI.ZS,0.455288163805416,0.232697465645924,0.110524086155383,0.159216723962377,0.130391170087628
TM.VAL.MRCH.OR.ZS,0.145142948583923,0.116896700025079,0.152501747240087,0.215966323409552,0.150296140982142
TM.VAL.MRCH.R1.ZS,0.190990086767381,0.167952923274566,0.209492132980411,0.0953515221008541,0.318473670898287
TM.VAL.MRCH.R2.ZS,0.254006534429958,0.431399769887513,0.582771099180788,0.282812610303009,0.104788320839522
TM.VAL.MRCH.R3.ZS,0.20416027670107,0.420877780299648,0.27379785015892,0.529080532368631,0.244027621332749
TM.VAL.MRCH.R4.ZS,0.143930616114952,0.18688282158434,0.370980581737841,0.26301154354626,0.15382033967675
TM.VAL.MRCH.R5.ZS,0.39310415025448,0.111364550477647,0.102602886522658,0.232035036446608,0.190319516856749
TM.VAL.MRCH.R6.ZS,0.577537964191535,0.29298639154956,0.189571472157138,0.313182951005118,0.232507673459348
TM.VAL.MRCH.RS.ZS,0.182228774142248,0.166066667350298,0.103274789519448,0.114880113944224,0.0479330932226637
TM.VAL.MRCH.WR.ZS,0.108121865407951,0.427255052574809,0.16372134687234,0.222032545690758,0.143762864642286
TM.VAL.MRCH.XD.WD,0.156019586351964,0.152972148158549,0.1383654617857,0.0743541742816106,0.11284945430771
TM.VAL.OTHR.ZS.WT,0.341619980353987,0.154283940584698,0.1505809958405,0.173948604464252,0.101341546791697
TM.VAL.TRAN.ZS.WT,0.482881748134509,0.128542237592373,0.0990427691242584,0.179917383235683,0.0871007686355771
TM.VAL.TRVL.ZS.WT,0.272603970432266,0.118690876827871,0.147121054450263,0.132285421827417,0.104637671555435
TT.PRI.MRCH.XD.WD,0.192880514900796,0.138134105584734,0.0878907778435015,0.0850431410919406,0.126171908101348
TX.MNF.TECH.ZS.UN,0.590831664279075,0.164185539790597,0.217857039611445,0.195897002640259,0.115743276714184
TX.QTY.MRCH.XD.WD,0.116802020765308,0.259104524427225,0.0944819254637799,0.122851215627265,0.0901699898846289
TX.UVI.MRCH.XD.WD,0.25482816182538,0.0911614863604384,0.076181789041037,0.0838836227053213,0.0804324431983352
TX.VAL.AGRI.ZS.UN,0.344033835289666,0.282687184149771,0.132859330691388,0.104705620872869,0.140624285818905
TX.VAL.FOOD.ZS.UN,0.335423464977402,0.157411032730219,0.22845278835543,0.223015412441138,0.373288023330219
TX.VAL.FUEL.ZS.UN,0.166446109792688,0.237685926823186,0.281202409754363,0.122222185740067,0.358429775413149
TX.VAL.ICTG.ZS.UN,0.412303976472043,0.0949778931214895,0.256055464127333,0.141859161400001,0.264057088649696
TX.VAL.INSF.ZS.WT,0.196115283360094,0.177183558828344,0.189359392335817,0.247435258321945,0.0875290185946732
TX.VAL.MANF.ZS.UN,0.514308382148187,0.19133226520956,0.0912472557066343,0.181817266020981,0.119836333462952
TX.VAL.MMTL.ZS.UN,0.219556119760216,0.122010858114981,0.0889889468703903,0.0862711117879509,0.131524683526072
TX.VAL.MRCH.AL.ZS,0.147029807002686,0.225940640676857,0.298914790618531,0.213510434525695,0.129361732074575
TX.VAL.MRCH.HI.ZS,0.339131337543823,0.128147467336697,0.164819143215393,0.11684480500439,0.0889194631157519
TX.VAL.MRCH.OR.ZS,0.147665191308833,0.134155544165128,0.109608622916973,0.224337445419271,0.14959567229742
TX.VAL.MRCH.R1.ZS,0.169602079598195,0.121223975331333,0.142001658980499,0.0805917587346646,0.317430041944372
TX.VAL.MRCH.R2.ZS,0.30000098918972,0.460731644349158,0.49047278048615,0.269213559567404,0.101001164897126
TX.VAL.MRCH.R3.ZS,0.197284232977848,0.395465998443022,0.291904929878042,0.465910104477845,0.241890920282093
TX.VAL.MRCH.R4.ZS,0.160282787951084,0.193720751736896,0.399205527450947,0.128436341433494,0.11901899141045
TX.VAL.MRCH.R5.ZS,0.302350384249459,0.126150291404481,0.135692269444835,0.216885405590437,0.250591663857626
TX.VAL.MRCH.R6.ZS,0.523592047776041,0.259197868968486,0.133090121193217,0.292176810357275,0.183233925405655
TX.VAL.MRCH.RS.ZS,0.104451164164706,0.153408379073578,0.049265880902208,0.0846812178310951,0.114508838488533
TX.VAL.MRCH.WR.ZS,0.108792064193704,0.334891047912837,0.0860234335428671,0.159968511438014,0.107518143273083
TX.VAL.MRCH.XD.WD,0.12529760829381,0.180041231912488,0.1000197405478,0.0952999947484481,0.0910628543548691
TX.VAL.OTHR.ZS.WT,0.235075883648038,0.120196323110646,0.103396040190051,0.13103232226788,0.186533669596163
TX.VAL.TECH.MF.ZS,0.386976266907111,0.143250228962449,0.338565360963923,0.171658765185034,0.196734364274734
TX.VAL.TRAN.ZS.WT,0.117755119626943,0.217794676215698,0.225219161249554,0.0892580953550374,0.20983732103674
TX.VAL.TRVL.ZS.WT,0.259627408949477,0.170987821586233,0.11895459916556,0.172248897431402,0.308686225884161
VC.IHR.PSRC.FE.P5,0.462500840972354,0.268179364743155,0.171431401439979,0.504240035086965,0.233998759402321
VC.IHR.PSRC.MA.P5,0.515393734317064,0.387385231682132,0.251259489121862,0.567647520920775,0.27354576782381
VC.IHR.PSRC.P5,0.409465844976649,0.339088402454686,0.214274614740551,0.496406353726617,0.35873388772857
