yhat,key,value,indiacator,Importance,RMSE,Rsquared,MAE
21.5140938612625,iso1,-2.22303077711068,TM.TAX.MRCH.SM.AR.ZS,100,3.45006826529855,0.683371022867482,2.23821039650968
21.4002678018055,iso1,-2.13520028609525,TM.TAX.MRCH.SM.AR.ZS,100,3.45006826529855,0.683371022867482,2.23821039650968
21.4002678018055,iso1,-2.04736979507982,TM.TAX.MRCH.SM.AR.ZS,100,3.45006826529855,0.683371022867482,2.23821039650968
20.7426822094571,iso1,-1.95953930406438,TM.TAX.MRCH.SM.AR.ZS,100,3.45006826529855,0.683371022867482,2.23821039650968
20.7426822094571,iso1,-1.87170881304895,TM.TAX.MRCH.SM.AR.ZS,100,3.45006826529855,0.683371022867482,2.23821039650968
20.6725047246324,iso1,-1.78387832203352,TM.TAX.MRCH.SM.AR.ZS,100,3.45006826529855,0.683371022867482,2.23821039650968
20.276973078834,iso1,-1.69604783101809,TM.TAX.MRCH.SM.AR.ZS,100,3.45006826529855,0.683371022867482,2.23821039650968
17.7681797722336,iso1,-1.60821734000265,TM.TAX.MRCH.SM.AR.ZS,100,3.45006826529855,0.683371022867482,2.23821039650968
15.9017768043498,iso1,-1.52038684898722,TM.TAX.MRCH.SM.AR.ZS,100,3.45006826529855,0.683371022867482,2.23821039650968
15.7232026912957,iso1,-1.43255635797179,TM.TAX.MRCH.SM.AR.ZS,100,3.45006826529855,0.683371022867482,2.23821039650968
15.7232026912957,iso1,-1.34472586695636,TM.TAX.MRCH.SM.AR.ZS,100,3.45006826529855,0.683371022867482,2.23821039650968
15.7715103494292,iso1,-1.25689537594092,TM.TAX.MRCH.SM.AR.ZS,100,3.45006826529855,0.683371022867482,2.23821039650968
15.7672265831356,iso1,-1.16906488492549,TM.TAX.MRCH.SM.AR.ZS,100,3.45006826529855,0.683371022867482,2.23821039650968
15.7672265831356,iso1,-1.08123439391006,TM.TAX.MRCH.SM.AR.ZS,100,3.45006826529855,0.683371022867482,2.23821039650968
15.7672265831356,iso1,-0.993403902894626,TM.TAX.MRCH.SM.AR.ZS,100,3.45006826529855,0.683371022867482,2.23821039650968
15.5253487594465,iso1,-0.905573411879194,TM.TAX.MRCH.SM.AR.ZS,100,3.45006826529855,0.683371022867482,2.23821039650968
15.5008464292884,iso1,-0.817742920863761,TM.TAX.MRCH.SM.AR.ZS,100,3.45006826529855,0.683371022867482,2.23821039650968
12.048680408017,iso1,-0.729912429848329,TM.TAX.MRCH.SM.AR.ZS,100,3.45006826529855,0.683371022867482,2.23821039650968
12.4888475130277,iso1,-0.642081938832897,TM.TAX.MRCH.SM.AR.ZS,100,3.45006826529855,0.683371022867482,2.23821039650968
12.4927794380516,iso1,-0.554251447817464,TM.TAX.MRCH.SM.AR.ZS,100,3.45006826529855,0.683371022867482,2.23821039650968
10.505749634869,iso1,-0.466420956802032,TM.TAX.MRCH.SM.AR.ZS,100,3.45006826529855,0.683371022867482,2.23821039650968
9.84856140675969,iso1,-0.3785904657866,TM.TAX.MRCH.SM.AR.ZS,100,3.45006826529855,0.683371022867482,2.23821039650968
9.84009696658013,iso1,-0.290759974771167,TM.TAX.MRCH.SM.AR.ZS,100,3.45006826529855,0.683371022867482,2.23821039650968
9.83151684845216,iso1,-0.202929483755735,TM.TAX.MRCH.SM.AR.ZS,100,3.45006826529855,0.683371022867482,2.23821039650968
9.56871496641377,iso1,-0.115098992740302,TM.TAX.MRCH.SM.AR.ZS,100,3.45006826529855,0.683371022867482,2.23821039650968
9.37303958531182,iso1,-0.0272685017248699,TM.TAX.MRCH.SM.AR.ZS,100,3.45006826529855,0.683371022867482,2.23821039650968
9.37257546297899,iso1,0.0605619892905627,TM.TAX.MRCH.SM.AR.ZS,100,3.45006826529855,0.683371022867482,2.23821039650968
9.24527750134736,iso1,0.148392480305995,TM.TAX.MRCH.SM.AR.ZS,100,3.45006826529855,0.683371022867482,2.23821039650968
8.83242042972334,iso1,0.236222971321427,TM.TAX.MRCH.SM.AR.ZS,100,3.45006826529855,0.683371022867482,2.23821039650968
8.85394290747175,iso1,0.32405346233686,TM.TAX.MRCH.SM.AR.ZS,100,3.45006826529855,0.683371022867482,2.23821039650968
7.91356275753914,iso1,0.411883953352292,TM.TAX.MRCH.SM.AR.ZS,100,3.45006826529855,0.683371022867482,2.23821039650968
5.66419326536853,iso1,0.499714444367724,TM.TAX.MRCH.SM.AR.ZS,100,3.45006826529855,0.683371022867482,2.23821039650968
5.66419326536853,iso1,0.587544935383157,TM.TAX.MRCH.SM.AR.ZS,100,3.45006826529855,0.683371022867482,2.23821039650968
5.66419326536853,iso1,0.67537542639859,TM.TAX.MRCH.SM.AR.ZS,100,3.45006826529855,0.683371022867482,2.23821039650968
5.66419326536853,iso1,0.763205917414022,TM.TAX.MRCH.SM.AR.ZS,100,3.45006826529855,0.683371022867482,2.23821039650968
5.65914094403509,iso1,0.851036408429454,TM.TAX.MRCH.SM.AR.ZS,100,3.45006826529855,0.683371022867482,2.23821039650968
5.50717893676942,iso1,0.938866899444887,TM.TAX.MRCH.SM.AR.ZS,100,3.45006826529855,0.683371022867482,2.23821039650968
5.03773788667006,iso1,1.02669739046032,TM.TAX.MRCH.SM.AR.ZS,100,3.45006826529855,0.683371022867482,2.23821039650968
4.79295099053808,iso1,1.11452788147575,TM.TAX.MRCH.SM.AR.ZS,100,3.45006826529855,0.683371022867482,2.23821039650968
4.554985748714,iso1,1.20235837249118,TM.TAX.MRCH.SM.AR.ZS,100,3.45006826529855,0.683371022867482,2.23821039650968
4.53520454418419,iso1,1.29018886350662,TM.TAX.MRCH.SM.AR.ZS,100,3.45006826529855,0.683371022867482,2.23821039650968
4.35352203711901,iso1,1.37801935452205,TM.TAX.MRCH.SM.AR.ZS,100,3.45006826529855,0.683371022867482,2.23821039650968
4.35352203711901,iso1,1.46584984553748,TM.TAX.MRCH.SM.AR.ZS,100,3.45006826529855,0.683371022867482,2.23821039650968
4.29835042305619,iso1,1.55368033655291,TM.TAX.MRCH.SM.AR.ZS,100,3.45006826529855,0.683371022867482,2.23821039650968
4.29830828796663,iso1,1.64151082756835,TM.TAX.MRCH.SM.AR.ZS,100,3.45006826529855,0.683371022867482,2.23821039650968
4.29830828796663,iso1,1.72934131858378,TM.TAX.MRCH.SM.AR.ZS,100,3.45006826529855,0.683371022867482,2.23821039650968
4.29830828796663,iso1,1.81717180959921,TM.TAX.MRCH.SM.AR.ZS,100,3.45006826529855,0.683371022867482,2.23821039650968
4.29075817750988,iso1,1.90500230061464,TM.TAX.MRCH.SM.AR.ZS,100,3.45006826529855,0.683371022867482,2.23821039650968
4.29075817750988,iso1,1.99283279163008,TM.TAX.MRCH.SM.AR.ZS,100,3.45006826529855,0.683371022867482,2.23821039650968
4.29075817750988,iso1,2.08066328264551,TM.TAX.MRCH.SM.AR.ZS,100,3.45006826529855,0.683371022867482,2.23821039650968
4.29075817750988,iso1,2.16849377366094,TM.TAX.MRCH.SM.AR.ZS,100,3.45006826529855,0.683371022867482,2.23821039650968
10.1012852508449,iso2,-1.02049048815896,TM.TAX.MRCH.SM.AR.ZS,5.59162509173456,3.45006826529855,0.683371022867482,2.23821039650968
10.1012852508449,iso2,-0.970416326677378,TM.TAX.MRCH.SM.AR.ZS,5.59162509173456,3.45006826529855,0.683371022867482,2.23821039650968
10.1012852508449,iso2,-0.920342165195796,TM.TAX.MRCH.SM.AR.ZS,5.59162509173456,3.45006826529855,0.683371022867482,2.23821039650968
10.1012852508449,iso2,-0.870268003714214,TM.TAX.MRCH.SM.AR.ZS,5.59162509173456,3.45006826529855,0.683371022867482,2.23821039650968
10.1012852508449,iso2,-0.820193842232632,TM.TAX.MRCH.SM.AR.ZS,5.59162509173456,3.45006826529855,0.683371022867482,2.23821039650968
10.121273818173,iso2,-0.77011968075105,TM.TAX.MRCH.SM.AR.ZS,5.59162509173456,3.45006826529855,0.683371022867482,2.23821039650968
9.92927098960777,iso2,-0.720045519269468,TM.TAX.MRCH.SM.AR.ZS,5.59162509173456,3.45006826529855,0.683371022867482,2.23821039650968
9.8070821591786,iso2,-0.669971357787886,TM.TAX.MRCH.SM.AR.ZS,5.59162509173456,3.45006826529855,0.683371022867482,2.23821039650968
9.95474819947109,iso2,-0.619897196306304,TM.TAX.MRCH.SM.AR.ZS,5.59162509173456,3.45006826529855,0.683371022867482,2.23821039650968
9.56253333183573,iso2,-0.569823034824722,TM.TAX.MRCH.SM.AR.ZS,5.59162509173456,3.45006826529855,0.683371022867482,2.23821039650968
9.05269626297876,iso2,-0.51974887334314,TM.TAX.MRCH.SM.AR.ZS,5.59162509173456,3.45006826529855,0.683371022867482,2.23821039650968
8.9174756418883,iso2,-0.469674711861558,TM.TAX.MRCH.SM.AR.ZS,5.59162509173456,3.45006826529855,0.683371022867482,2.23821039650968
8.9174756418883,iso2,-0.419600550379976,TM.TAX.MRCH.SM.AR.ZS,5.59162509173456,3.45006826529855,0.683371022867482,2.23821039650968
8.87048546699062,iso2,-0.369526388898394,TM.TAX.MRCH.SM.AR.ZS,5.59162509173456,3.45006826529855,0.683371022867482,2.23821039650968
8.87048546699062,iso2,-0.319452227416812,TM.TAX.MRCH.SM.AR.ZS,5.59162509173456,3.45006826529855,0.683371022867482,2.23821039650968
8.13468910092815,iso2,-0.26937806593523,TM.TAX.MRCH.SM.AR.ZS,5.59162509173456,3.45006826529855,0.683371022867482,2.23821039650968
8.13037523495768,iso2,-0.219303904453648,TM.TAX.MRCH.SM.AR.ZS,5.59162509173456,3.45006826529855,0.683371022867482,2.23821039650968
7.96897277840056,iso2,-0.169229742972066,TM.TAX.MRCH.SM.AR.ZS,5.59162509173456,3.45006826529855,0.683371022867482,2.23821039650968
7.97410394691583,iso2,-0.119155581490484,TM.TAX.MRCH.SM.AR.ZS,5.59162509173456,3.45006826529855,0.683371022867482,2.23821039650968
7.9516711385284,iso2,-0.0690814200089022,TM.TAX.MRCH.SM.AR.ZS,5.59162509173456,3.45006826529855,0.683371022867482,2.23821039650968
7.95060924000943,iso2,-0.0190072585273202,TM.TAX.MRCH.SM.AR.ZS,5.59162509173456,3.45006826529855,0.683371022867482,2.23821039650968
7.57903503600394,iso2,0.0310669029542618,TM.TAX.MRCH.SM.AR.ZS,5.59162509173456,3.45006826529855,0.683371022867482,2.23821039650968
7.57903503600394,iso2,0.0811410644358439,TM.TAX.MRCH.SM.AR.ZS,5.59162509173456,3.45006826529855,0.683371022867482,2.23821039650968
7.57903503600394,iso2,0.131215225917426,TM.TAX.MRCH.SM.AR.ZS,5.59162509173456,3.45006826529855,0.683371022867482,2.23821039650968
7.57903503600394,iso2,0.181289387399008,TM.TAX.MRCH.SM.AR.ZS,5.59162509173456,3.45006826529855,0.683371022867482,2.23821039650968
7.5666695080235,iso2,0.23136354888059,TM.TAX.MRCH.SM.AR.ZS,5.59162509173456,3.45006826529855,0.683371022867482,2.23821039650968
7.5666695080235,iso2,0.281437710362172,TM.TAX.MRCH.SM.AR.ZS,5.59162509173456,3.45006826529855,0.683371022867482,2.23821039650968
7.55785343026437,iso2,0.331511871843754,TM.TAX.MRCH.SM.AR.ZS,5.59162509173456,3.45006826529855,0.683371022867482,2.23821039650968
7.63551618202284,iso2,0.381586033325336,TM.TAX.MRCH.SM.AR.ZS,5.59162509173456,3.45006826529855,0.683371022867482,2.23821039650968
7.63551618202284,iso2,0.431660194806918,TM.TAX.MRCH.SM.AR.ZS,5.59162509173456,3.45006826529855,0.683371022867482,2.23821039650968
7.60867440950184,iso2,0.4817343562885,TM.TAX.MRCH.SM.AR.ZS,5.59162509173456,3.45006826529855,0.683371022867482,2.23821039650968
7.55908028296597,iso2,0.531808517770082,TM.TAX.MRCH.SM.AR.ZS,5.59162509173456,3.45006826529855,0.683371022867482,2.23821039650968
7.36840600475234,iso2,0.581882679251664,TM.TAX.MRCH.SM.AR.ZS,5.59162509173456,3.45006826529855,0.683371022867482,2.23821039650968
7.36840600475234,iso2,0.631956840733246,TM.TAX.MRCH.SM.AR.ZS,5.59162509173456,3.45006826529855,0.683371022867482,2.23821039650968
7.53461270280623,iso2,0.682031002214828,TM.TAX.MRCH.SM.AR.ZS,5.59162509173456,3.45006826529855,0.683371022867482,2.23821039650968
7.53461270280623,iso2,0.73210516369641,TM.TAX.MRCH.SM.AR.ZS,5.59162509173456,3.45006826529855,0.683371022867482,2.23821039650968
7.53461270280623,iso2,0.782179325177992,TM.TAX.MRCH.SM.AR.ZS,5.59162509173456,3.45006826529855,0.683371022867482,2.23821039650968
7.53461270280623,iso2,0.832253486659574,TM.TAX.MRCH.SM.AR.ZS,5.59162509173456,3.45006826529855,0.683371022867482,2.23821039650968
7.53461270280623,iso2,0.882327648141156,TM.TAX.MRCH.SM.AR.ZS,5.59162509173456,3.45006826529855,0.683371022867482,2.23821039650968
7.53461270280623,iso2,0.932401809622738,TM.TAX.MRCH.SM.AR.ZS,5.59162509173456,3.45006826529855,0.683371022867482,2.23821039650968
7.53461270280623,iso2,0.98247597110432,TM.TAX.MRCH.SM.AR.ZS,5.59162509173456,3.45006826529855,0.683371022867482,2.23821039650968
7.53461270280623,iso2,1.0325501325859,TM.TAX.MRCH.SM.AR.ZS,5.59162509173456,3.45006826529855,0.683371022867482,2.23821039650968
7.53461270280623,iso2,1.08262429406748,TM.TAX.MRCH.SM.AR.ZS,5.59162509173456,3.45006826529855,0.683371022867482,2.23821039650968
7.53461270280623,iso2,1.13269845554907,TM.TAX.MRCH.SM.AR.ZS,5.59162509173456,3.45006826529855,0.683371022867482,2.23821039650968
7.53461270280623,iso2,1.18277261703065,TM.TAX.MRCH.SM.AR.ZS,5.59162509173456,3.45006826529855,0.683371022867482,2.23821039650968
7.53461270280623,iso2,1.23284677851223,TM.TAX.MRCH.SM.AR.ZS,5.59162509173456,3.45006826529855,0.683371022867482,2.23821039650968
7.53461270280623,iso2,1.28292093999381,TM.TAX.MRCH.SM.AR.ZS,5.59162509173456,3.45006826529855,0.683371022867482,2.23821039650968
7.53461270280623,iso2,1.33299510147539,TM.TAX.MRCH.SM.AR.ZS,5.59162509173456,3.45006826529855,0.683371022867482,2.23821039650968
7.53461270280623,iso2,1.38306926295698,TM.TAX.MRCH.SM.AR.ZS,5.59162509173456,3.45006826529855,0.683371022867482,2.23821039650968
7.53461270280623,iso2,1.43314342443856,TM.TAX.MRCH.SM.AR.ZS,5.59162509173456,3.45006826529855,0.683371022867482,2.23821039650968
7.53461270280623,iso2,1.48321758592014,TM.TAX.MRCH.SM.AR.ZS,5.59162509173456,3.45006826529855,0.683371022867482,2.23821039650968
14.1640267887486,iso3,-1.31157117467957,TM.TAX.MRCH.SM.AR.ZS,17.7684085648475,3.45006826529855,0.683371022867482,2.23821039650968
14.9850284628843,iso3,-1.26518910175392,TM.TAX.MRCH.SM.AR.ZS,17.7684085648475,3.45006826529855,0.683371022867482,2.23821039650968
14.9850284628843,iso3,-1.21880702882827,TM.TAX.MRCH.SM.AR.ZS,17.7684085648475,3.45006826529855,0.683371022867482,2.23821039650968
14.9850284628843,iso3,-1.17242495590263,TM.TAX.MRCH.SM.AR.ZS,17.7684085648475,3.45006826529855,0.683371022867482,2.23821039650968
14.9850284628843,iso3,-1.12604288297698,TM.TAX.MRCH.SM.AR.ZS,17.7684085648475,3.45006826529855,0.683371022867482,2.23821039650968
14.376896951746,iso3,-1.07966081005133,TM.TAX.MRCH.SM.AR.ZS,17.7684085648475,3.45006826529855,0.683371022867482,2.23821039650968
14.376896951746,iso3,-1.03327873712568,TM.TAX.MRCH.SM.AR.ZS,17.7684085648475,3.45006826529855,0.683371022867482,2.23821039650968
14.5272754735704,iso3,-0.986896664200033,TM.TAX.MRCH.SM.AR.ZS,17.7684085648475,3.45006826529855,0.683371022867482,2.23821039650968
14.5272754735704,iso3,-0.940514591274384,TM.TAX.MRCH.SM.AR.ZS,17.7684085648475,3.45006826529855,0.683371022867482,2.23821039650968
14.4554675024841,iso3,-0.894132518348736,TM.TAX.MRCH.SM.AR.ZS,17.7684085648475,3.45006826529855,0.683371022867482,2.23821039650968
14.4095677514529,iso3,-0.847750445423088,TM.TAX.MRCH.SM.AR.ZS,17.7684085648475,3.45006826529855,0.683371022867482,2.23821039650968
12.8711443858621,iso3,-0.80136837249744,TM.TAX.MRCH.SM.AR.ZS,17.7684085648475,3.45006826529855,0.683371022867482,2.23821039650968
11.8014673221976,iso3,-0.754986299571792,TM.TAX.MRCH.SM.AR.ZS,17.7684085648475,3.45006826529855,0.683371022867482,2.23821039650968
11.7316899537684,iso3,-0.708604226646143,TM.TAX.MRCH.SM.AR.ZS,17.7684085648475,3.45006826529855,0.683371022867482,2.23821039650968
11.7316899537684,iso3,-0.662222153720495,TM.TAX.MRCH.SM.AR.ZS,17.7684085648475,3.45006826529855,0.683371022867482,2.23821039650968
11.6291991689799,iso3,-0.615840080794847,TM.TAX.MRCH.SM.AR.ZS,17.7684085648475,3.45006826529855,0.683371022867482,2.23821039650968
11.6291991689799,iso3,-0.569458007869199,TM.TAX.MRCH.SM.AR.ZS,17.7684085648475,3.45006826529855,0.683371022867482,2.23821039650968
9.43742328414118,iso3,-0.523075934943551,TM.TAX.MRCH.SM.AR.ZS,17.7684085648475,3.45006826529855,0.683371022867482,2.23821039650968
8.07102507517778,iso3,-0.476693862017902,TM.TAX.MRCH.SM.AR.ZS,17.7684085648475,3.45006826529855,0.683371022867482,2.23821039650968
8.10621944789844,iso3,-0.430311789092254,TM.TAX.MRCH.SM.AR.ZS,17.7684085648475,3.45006826529855,0.683371022867482,2.23821039650968
8.10621944789844,iso3,-0.383929716166606,TM.TAX.MRCH.SM.AR.ZS,17.7684085648475,3.45006826529855,0.683371022867482,2.23821039650968
8.10621944789844,iso3,-0.337547643240958,TM.TAX.MRCH.SM.AR.ZS,17.7684085648475,3.45006826529855,0.683371022867482,2.23821039650968
8.1652499318747,iso3,-0.29116557031531,TM.TAX.MRCH.SM.AR.ZS,17.7684085648475,3.45006826529855,0.683371022867482,2.23821039650968
8.54140986509972,iso3,-0.244783497389661,TM.TAX.MRCH.SM.AR.ZS,17.7684085648475,3.45006826529855,0.683371022867482,2.23821039650968
8.54140986509972,iso3,-0.198401424464013,TM.TAX.MRCH.SM.AR.ZS,17.7684085648475,3.45006826529855,0.683371022867482,2.23821039650968
8.55784696104282,iso3,-0.152019351538365,TM.TAX.MRCH.SM.AR.ZS,17.7684085648475,3.45006826529855,0.683371022867482,2.23821039650968
8.55784696104282,iso3,-0.105637278612717,TM.TAX.MRCH.SM.AR.ZS,17.7684085648475,3.45006826529855,0.683371022867482,2.23821039650968
8.55784696104282,iso3,-0.0592552056870686,TM.TAX.MRCH.SM.AR.ZS,17.7684085648475,3.45006826529855,0.683371022867482,2.23821039650968
8.55784696104282,iso3,-0.0128731327614204,TM.TAX.MRCH.SM.AR.ZS,17.7684085648475,3.45006826529855,0.683371022867482,2.23821039650968
8.55784696104282,iso3,0.0335089401642279,TM.TAX.MRCH.SM.AR.ZS,17.7684085648475,3.45006826529855,0.683371022867482,2.23821039650968
8.41325940770183,iso3,0.079891013089876,TM.TAX.MRCH.SM.AR.ZS,17.7684085648475,3.45006826529855,0.683371022867482,2.23821039650968
8.41325940770183,iso3,0.126273086015524,TM.TAX.MRCH.SM.AR.ZS,17.7684085648475,3.45006826529855,0.683371022867482,2.23821039650968
8.28025216894,iso3,0.172655158941172,TM.TAX.MRCH.SM.AR.ZS,17.7684085648475,3.45006826529855,0.683371022867482,2.23821039650968
7.97059593806092,iso3,0.219037231866821,TM.TAX.MRCH.SM.AR.ZS,17.7684085648475,3.45006826529855,0.683371022867482,2.23821039650968
7.95866667658158,iso3,0.265419304792469,TM.TAX.MRCH.SM.AR.ZS,17.7684085648475,3.45006826529855,0.683371022867482,2.23821039650968
7.79180083345279,iso3,0.311801377718117,TM.TAX.MRCH.SM.AR.ZS,17.7684085648475,3.45006826529855,0.683371022867482,2.23821039650968
7.77096552592922,iso3,0.358183450643765,TM.TAX.MRCH.SM.AR.ZS,17.7684085648475,3.45006826529855,0.683371022867482,2.23821039650968
7.74362554359365,iso3,0.404565523569413,TM.TAX.MRCH.SM.AR.ZS,17.7684085648475,3.45006826529855,0.683371022867482,2.23821039650968
7.73154183734061,iso3,0.450947596495062,TM.TAX.MRCH.SM.AR.ZS,17.7684085648475,3.45006826529855,0.683371022867482,2.23821039650968
7.79272732738247,iso3,0.49732966942071,TM.TAX.MRCH.SM.AR.ZS,17.7684085648475,3.45006826529855,0.683371022867482,2.23821039650968
7.82531600686803,iso3,0.543711742346358,TM.TAX.MRCH.SM.AR.ZS,17.7684085648475,3.45006826529855,0.683371022867482,2.23821039650968
7.83857884724459,iso3,0.590093815272006,TM.TAX.MRCH.SM.AR.ZS,17.7684085648475,3.45006826529855,0.683371022867482,2.23821039650968
7.96839993090976,iso3,0.636475888197654,TM.TAX.MRCH.SM.AR.ZS,17.7684085648475,3.45006826529855,0.683371022867482,2.23821039650968
8.01146058931044,iso3,0.682857961123303,TM.TAX.MRCH.SM.AR.ZS,17.7684085648475,3.45006826529855,0.683371022867482,2.23821039650968
8.01146058931044,iso3,0.729240034048951,TM.TAX.MRCH.SM.AR.ZS,17.7684085648475,3.45006826529855,0.683371022867482,2.23821039650968
8.01146058931044,iso3,0.775622106974599,TM.TAX.MRCH.SM.AR.ZS,17.7684085648475,3.45006826529855,0.683371022867482,2.23821039650968
8.01146058931044,iso3,0.822004179900247,TM.TAX.MRCH.SM.AR.ZS,17.7684085648475,3.45006826529855,0.683371022867482,2.23821039650968
8.01146058931044,iso3,0.868386252825896,TM.TAX.MRCH.SM.AR.ZS,17.7684085648475,3.45006826529855,0.683371022867482,2.23821039650968
8.03833623198136,iso3,0.914768325751544,TM.TAX.MRCH.SM.AR.ZS,17.7684085648475,3.45006826529855,0.683371022867482,2.23821039650968
8.03833623198136,iso3,0.961150398677192,TM.TAX.MRCH.SM.AR.ZS,17.7684085648475,3.45006826529855,0.683371022867482,2.23821039650968
8.03833623198136,iso3,1.00753247160284,TM.TAX.MRCH.SM.AR.ZS,17.7684085648475,3.45006826529855,0.683371022867482,2.23821039650968
7.40348235133787,iso4,-1.23739850963461,TM.TAX.MRCH.SM.AR.ZS,8.08178714547027,3.45006826529855,0.683371022867482,2.23821039650968
7.40348235133787,iso4,-1.19150448366391,TM.TAX.MRCH.SM.AR.ZS,8.08178714547027,3.45006826529855,0.683371022867482,2.23821039650968
6.86935702537827,iso4,-1.1456104576932,TM.TAX.MRCH.SM.AR.ZS,8.08178714547027,3.45006826529855,0.683371022867482,2.23821039650968
6.86935702537827,iso4,-1.0997164317225,TM.TAX.MRCH.SM.AR.ZS,8.08178714547027,3.45006826529855,0.683371022867482,2.23821039650968
6.86935702537827,iso4,-1.0538224057518,TM.TAX.MRCH.SM.AR.ZS,8.08178714547027,3.45006826529855,0.683371022867482,2.23821039650968
6.86935702537827,iso4,-1.00792837978109,TM.TAX.MRCH.SM.AR.ZS,8.08178714547027,3.45006826529855,0.683371022867482,2.23821039650968
6.86935702537827,iso4,-0.96203435381039,TM.TAX.MRCH.SM.AR.ZS,8.08178714547027,3.45006826529855,0.683371022867482,2.23821039650968
7.06384405484959,iso4,-0.916140327839686,TM.TAX.MRCH.SM.AR.ZS,8.08178714547027,3.45006826529855,0.683371022867482,2.23821039650968
7.26417876882569,iso4,-0.870246301868983,TM.TAX.MRCH.SM.AR.ZS,8.08178714547027,3.45006826529855,0.683371022867482,2.23821039650968
7.30218207800486,iso4,-0.82435227589828,TM.TAX.MRCH.SM.AR.ZS,8.08178714547027,3.45006826529855,0.683371022867482,2.23821039650968
7.42538448267671,iso4,-0.778458249927576,TM.TAX.MRCH.SM.AR.ZS,8.08178714547027,3.45006826529855,0.683371022867482,2.23821039650968
7.70034945131507,iso4,-0.732564223956873,TM.TAX.MRCH.SM.AR.ZS,8.08178714547027,3.45006826529855,0.683371022867482,2.23821039650968
7.76862426992665,iso4,-0.686670197986169,TM.TAX.MRCH.SM.AR.ZS,8.08178714547027,3.45006826529855,0.683371022867482,2.23821039650968
8.07127243454276,iso4,-0.640776172015466,TM.TAX.MRCH.SM.AR.ZS,8.08178714547027,3.45006826529855,0.683371022867482,2.23821039650968
8.20165812585812,iso4,-0.594882146044763,TM.TAX.MRCH.SM.AR.ZS,8.08178714547027,3.45006826529855,0.683371022867482,2.23821039650968
8.20165812585812,iso4,-0.548988120074059,TM.TAX.MRCH.SM.AR.ZS,8.08178714547027,3.45006826529855,0.683371022867482,2.23821039650968
8.6562604936273,iso4,-0.503094094103356,TM.TAX.MRCH.SM.AR.ZS,8.08178714547027,3.45006826529855,0.683371022867482,2.23821039650968
8.6562604936273,iso4,-0.457200068132652,TM.TAX.MRCH.SM.AR.ZS,8.08178714547027,3.45006826529855,0.683371022867482,2.23821039650968
8.82480491384608,iso4,-0.411306042161949,TM.TAX.MRCH.SM.AR.ZS,8.08178714547027,3.45006826529855,0.683371022867482,2.23821039650968
8.82480491384608,iso4,-0.365412016191246,TM.TAX.MRCH.SM.AR.ZS,8.08178714547027,3.45006826529855,0.683371022867482,2.23821039650968
8.82480491384608,iso4,-0.319517990220542,TM.TAX.MRCH.SM.AR.ZS,8.08178714547027,3.45006826529855,0.683371022867482,2.23821039650968
9.16067122619546,iso4,-0.273623964249839,TM.TAX.MRCH.SM.AR.ZS,8.08178714547027,3.45006826529855,0.683371022867482,2.23821039650968
9.28721718147965,iso4,-0.227729938279135,TM.TAX.MRCH.SM.AR.ZS,8.08178714547027,3.45006826529855,0.683371022867482,2.23821039650968
9.28721718147965,iso4,-0.181835912308432,TM.TAX.MRCH.SM.AR.ZS,8.08178714547027,3.45006826529855,0.683371022867482,2.23821039650968
9.30598266854069,iso4,-0.135941886337729,TM.TAX.MRCH.SM.AR.ZS,8.08178714547027,3.45006826529855,0.683371022867482,2.23821039650968
9.22555726450062,iso4,-0.0900478603670252,TM.TAX.MRCH.SM.AR.ZS,8.08178714547027,3.45006826529855,0.683371022867482,2.23821039650968
8.94401161066168,iso4,-0.0441538343963217,TM.TAX.MRCH.SM.AR.ZS,8.08178714547027,3.45006826529855,0.683371022867482,2.23821039650968
8.58567633892764,iso4,0.00174019157438177,TM.TAX.MRCH.SM.AR.ZS,8.08178714547027,3.45006826529855,0.683371022867482,2.23821039650968
8.58567633892764,iso4,0.047634217545085,TM.TAX.MRCH.SM.AR.ZS,8.08178714547027,3.45006826529855,0.683371022867482,2.23821039650968
8.47167835239162,iso4,0.0935282435157885,TM.TAX.MRCH.SM.AR.ZS,8.08178714547027,3.45006826529855,0.683371022867482,2.23821039650968
8.44337031978587,iso4,0.139422269486492,TM.TAX.MRCH.SM.AR.ZS,8.08178714547027,3.45006826529855,0.683371022867482,2.23821039650968
8.44337031978587,iso4,0.185316295457195,TM.TAX.MRCH.SM.AR.ZS,8.08178714547027,3.45006826529855,0.683371022867482,2.23821039650968
8.38770289428214,iso4,0.231210321427899,TM.TAX.MRCH.SM.AR.ZS,8.08178714547027,3.45006826529855,0.683371022867482,2.23821039650968
8.38770289428214,iso4,0.277104347398602,TM.TAX.MRCH.SM.AR.ZS,8.08178714547027,3.45006826529855,0.683371022867482,2.23821039650968
8.31626690972092,iso4,0.322998373369305,TM.TAX.MRCH.SM.AR.ZS,8.08178714547027,3.45006826529855,0.683371022867482,2.23821039650968
8.31626690972092,iso4,0.368892399340009,TM.TAX.MRCH.SM.AR.ZS,8.08178714547027,3.45006826529855,0.683371022867482,2.23821039650968
8.31625599150526,iso4,0.414786425310712,TM.TAX.MRCH.SM.AR.ZS,8.08178714547027,3.45006826529855,0.683371022867482,2.23821039650968
8.31625599150526,iso4,0.460680451281416,TM.TAX.MRCH.SM.AR.ZS,8.08178714547027,3.45006826529855,0.683371022867482,2.23821039650968
8.31888979824961,iso4,0.506574477252119,TM.TAX.MRCH.SM.AR.ZS,8.08178714547027,3.45006826529855,0.683371022867482,2.23821039650968
8.40844979955799,iso4,0.552468503222823,TM.TAX.MRCH.SM.AR.ZS,8.08178714547027,3.45006826529855,0.683371022867482,2.23821039650968
8.40820872306646,iso4,0.598362529193526,TM.TAX.MRCH.SM.AR.ZS,8.08178714547027,3.45006826529855,0.683371022867482,2.23821039650968
8.40820872306646,iso4,0.644256555164229,TM.TAX.MRCH.SM.AR.ZS,8.08178714547027,3.45006826529855,0.683371022867482,2.23821039650968
8.40820872306646,iso4,0.690150581134933,TM.TAX.MRCH.SM.AR.ZS,8.08178714547027,3.45006826529855,0.683371022867482,2.23821039650968
8.66277648953243,iso4,0.736044607105636,TM.TAX.MRCH.SM.AR.ZS,8.08178714547027,3.45006826529855,0.683371022867482,2.23821039650968
8.66277648953243,iso4,0.781938633076339,TM.TAX.MRCH.SM.AR.ZS,8.08178714547027,3.45006826529855,0.683371022867482,2.23821039650968
8.57534260792615,iso4,0.827832659047043,TM.TAX.MRCH.SM.AR.ZS,8.08178714547027,3.45006826529855,0.683371022867482,2.23821039650968
9.2995176242195,iso4,0.873726685017746,TM.TAX.MRCH.SM.AR.ZS,8.08178714547027,3.45006826529855,0.683371022867482,2.23821039650968
8.09980673008029,iso4,0.91962071098845,TM.TAX.MRCH.SM.AR.ZS,8.08178714547027,3.45006826529855,0.683371022867482,2.23821039650968
8.09980673008029,iso4,0.965514736959153,TM.TAX.MRCH.SM.AR.ZS,8.08178714547027,3.45006826529855,0.683371022867482,2.23821039650968
8.09980673008029,iso4,1.01140876292986,TM.TAX.MRCH.SM.AR.ZS,8.08178714547027,3.45006826529855,0.683371022867482,2.23821039650968
8.09980673008029,iso4,1.05730278890056,TM.TAX.MRCH.SM.AR.ZS,8.08178714547027,3.45006826529855,0.683371022867482,2.23821039650968
15.7073578368218,iso5,-1.11216094343351,TM.TAX.MRCH.SM.AR.ZS,8.47585718828618,3.45006826529855,0.683371022867482,2.23821039650968
15.7073578368218,iso5,-1.06605097662632,TM.TAX.MRCH.SM.AR.ZS,8.47585718828618,3.45006826529855,0.683371022867482,2.23821039650968
15.7073578368218,iso5,-1.01994100981912,TM.TAX.MRCH.SM.AR.ZS,8.47585718828618,3.45006826529855,0.683371022867482,2.23821039650968
15.7073578368218,iso5,-0.973831043011926,TM.TAX.MRCH.SM.AR.ZS,8.47585718828618,3.45006826529855,0.683371022867482,2.23821039650968
15.7073578368218,iso5,-0.927721076204732,TM.TAX.MRCH.SM.AR.ZS,8.47585718828618,3.45006826529855,0.683371022867482,2.23821039650968
15.5538106348056,iso5,-0.881611109397537,TM.TAX.MRCH.SM.AR.ZS,8.47585718828618,3.45006826529855,0.683371022867482,2.23821039650968
15.5957095212872,iso5,-0.835501142590342,TM.TAX.MRCH.SM.AR.ZS,8.47585718828618,3.45006826529855,0.683371022867482,2.23821039650968
15.5957095212872,iso5,-0.789391175783148,TM.TAX.MRCH.SM.AR.ZS,8.47585718828618,3.45006826529855,0.683371022867482,2.23821039650968
15.1448545819713,iso5,-0.743281208975953,TM.TAX.MRCH.SM.AR.ZS,8.47585718828618,3.45006826529855,0.683371022867482,2.23821039650968
15.4730250435974,iso5,-0.697171242168759,TM.TAX.MRCH.SM.AR.ZS,8.47585718828618,3.45006826529855,0.683371022867482,2.23821039650968
8.33063361844467,iso5,-0.651061275361564,TM.TAX.MRCH.SM.AR.ZS,8.47585718828618,3.45006826529855,0.683371022867482,2.23821039650968
8.37041676454608,iso5,-0.604951308554369,TM.TAX.MRCH.SM.AR.ZS,8.47585718828618,3.45006826529855,0.683371022867482,2.23821039650968
8.40344248624016,iso5,-0.558841341747175,TM.TAX.MRCH.SM.AR.ZS,8.47585718828618,3.45006826529855,0.683371022867482,2.23821039650968
8.40344248624016,iso5,-0.51273137493998,TM.TAX.MRCH.SM.AR.ZS,8.47585718828618,3.45006826529855,0.683371022867482,2.23821039650968
8.41858092135427,iso5,-0.466621408132786,TM.TAX.MRCH.SM.AR.ZS,8.47585718828618,3.45006826529855,0.683371022867482,2.23821039650968
8.41858092135427,iso5,-0.420511441325591,TM.TAX.MRCH.SM.AR.ZS,8.47585718828618,3.45006826529855,0.683371022867482,2.23821039650968
8.5191357130423,iso5,-0.374401474518396,TM.TAX.MRCH.SM.AR.ZS,8.47585718828618,3.45006826529855,0.683371022867482,2.23821039650968
8.51285230141571,iso5,-0.328291507711202,TM.TAX.MRCH.SM.AR.ZS,8.47585718828618,3.45006826529855,0.683371022867482,2.23821039650968
8.31779227117683,iso5,-0.282181540904007,TM.TAX.MRCH.SM.AR.ZS,8.47585718828618,3.45006826529855,0.683371022867482,2.23821039650968
8.28236390559996,iso5,-0.236071574096813,TM.TAX.MRCH.SM.AR.ZS,8.47585718828618,3.45006826529855,0.683371022867482,2.23821039650968
8.25222305566764,iso5,-0.189961607289618,TM.TAX.MRCH.SM.AR.ZS,8.47585718828618,3.45006826529855,0.683371022867482,2.23821039650968
8.25222305566764,iso5,-0.143851640482424,TM.TAX.MRCH.SM.AR.ZS,8.47585718828618,3.45006826529855,0.683371022867482,2.23821039650968
8.25533712150985,iso5,-0.0977416736752288,TM.TAX.MRCH.SM.AR.ZS,8.47585718828618,3.45006826529855,0.683371022867482,2.23821039650968
8.29948114376953,iso5,-0.0516317068680343,TM.TAX.MRCH.SM.AR.ZS,8.47585718828618,3.45006826529855,0.683371022867482,2.23821039650968
8.23046706216765,iso5,-0.00552174006083961,TM.TAX.MRCH.SM.AR.ZS,8.47585718828618,3.45006826529855,0.683371022867482,2.23821039650968
8.22520049240666,iso5,0.0405882267463549,TM.TAX.MRCH.SM.AR.ZS,8.47585718828618,3.45006826529855,0.683371022867482,2.23821039650968
8.21627912935073,iso5,0.0866981935535496,TM.TAX.MRCH.SM.AR.ZS,8.47585718828618,3.45006826529855,0.683371022867482,2.23821039650968
8.22796058369467,iso5,0.132808160360744,TM.TAX.MRCH.SM.AR.ZS,8.47585718828618,3.45006826529855,0.683371022867482,2.23821039650968
8.22979350962029,iso5,0.178918127167939,TM.TAX.MRCH.SM.AR.ZS,8.47585718828618,3.45006826529855,0.683371022867482,2.23821039650968
8.05384178338161,iso5,0.225028093975133,TM.TAX.MRCH.SM.AR.ZS,8.47585718828618,3.45006826529855,0.683371022867482,2.23821039650968
8.06183997579003,iso5,0.271138060782328,TM.TAX.MRCH.SM.AR.ZS,8.47585718828618,3.45006826529855,0.683371022867482,2.23821039650968
8.0794102150554,iso5,0.317248027589522,TM.TAX.MRCH.SM.AR.ZS,8.47585718828618,3.45006826529855,0.683371022867482,2.23821039650968
8.32884741730002,iso5,0.363357994396717,TM.TAX.MRCH.SM.AR.ZS,8.47585718828618,3.45006826529855,0.683371022867482,2.23821039650968
8.32884741730002,iso5,0.409467961203912,TM.TAX.MRCH.SM.AR.ZS,8.47585718828618,3.45006826529855,0.683371022867482,2.23821039650968
8.52028032631328,iso5,0.455577928011106,TM.TAX.MRCH.SM.AR.ZS,8.47585718828618,3.45006826529855,0.683371022867482,2.23821039650968
8.52028032631328,iso5,0.501687894818301,TM.TAX.MRCH.SM.AR.ZS,8.47585718828618,3.45006826529855,0.683371022867482,2.23821039650968
8.812533340529,iso5,0.547797861625496,TM.TAX.MRCH.SM.AR.ZS,8.47585718828618,3.45006826529855,0.683371022867482,2.23821039650968
8.812533340529,iso5,0.59390782843269,TM.TAX.MRCH.SM.AR.ZS,8.47585718828618,3.45006826529855,0.683371022867482,2.23821039650968
8.88978873559942,iso5,0.640017795239885,TM.TAX.MRCH.SM.AR.ZS,8.47585718828618,3.45006826529855,0.683371022867482,2.23821039650968
9.02195635061257,iso5,0.686127762047079,TM.TAX.MRCH.SM.AR.ZS,8.47585718828618,3.45006826529855,0.683371022867482,2.23821039650968
9.37737609543012,iso5,0.732237728854274,TM.TAX.MRCH.SM.AR.ZS,8.47585718828618,3.45006826529855,0.683371022867482,2.23821039650968
9.37737609543012,iso5,0.778347695661469,TM.TAX.MRCH.SM.AR.ZS,8.47585718828618,3.45006826529855,0.683371022867482,2.23821039650968
9.37737609543012,iso5,0.824457662468663,TM.TAX.MRCH.SM.AR.ZS,8.47585718828618,3.45006826529855,0.683371022867482,2.23821039650968
9.37737609543012,iso5,0.870567629275858,TM.TAX.MRCH.SM.AR.ZS,8.47585718828618,3.45006826529855,0.683371022867482,2.23821039650968
9.37737609543012,iso5,0.916677596083052,TM.TAX.MRCH.SM.AR.ZS,8.47585718828618,3.45006826529855,0.683371022867482,2.23821039650968
9.37737609543012,iso5,0.962787562890247,TM.TAX.MRCH.SM.AR.ZS,8.47585718828618,3.45006826529855,0.683371022867482,2.23821039650968
9.0377786027556,iso5,1.00889752969744,TM.TAX.MRCH.SM.AR.ZS,8.47585718828618,3.45006826529855,0.683371022867482,2.23821039650968
9.0377786027556,iso5,1.05500749650464,TM.TAX.MRCH.SM.AR.ZS,8.47585718828618,3.45006826529855,0.683371022867482,2.23821039650968
9.0377786027556,iso5,1.10111746331183,TM.TAX.MRCH.SM.AR.ZS,8.47585718828618,3.45006826529855,0.683371022867482,2.23821039650968
9.35523560221907,iso5,1.14722743011903,TM.TAX.MRCH.SM.AR.ZS,8.47585718828618,3.45006826529855,0.683371022867482,2.23821039650968
9.35523560221907,iso5,1.19333739692622,TM.TAX.MRCH.SM.AR.ZS,8.47585718828618,3.45006826529855,0.683371022867482,2.23821039650968
9.15060086239606,iso6,-1.03794421039132,TM.TAX.MRCH.SM.AR.ZS,0.978605506721351,3.45006826529855,0.683371022867482,2.23821039650968
9.15060086239606,iso6,-0.9957827875678,TM.TAX.MRCH.SM.AR.ZS,0.978605506721351,3.45006826529855,0.683371022867482,2.23821039650968
9.15060086239606,iso6,-0.95362136474428,TM.TAX.MRCH.SM.AR.ZS,0.978605506721351,3.45006826529855,0.683371022867482,2.23821039650968
9.15060086239606,iso6,-0.91145994192076,TM.TAX.MRCH.SM.AR.ZS,0.978605506721351,3.45006826529855,0.683371022867482,2.23821039650968
9.28038408708109,iso6,-0.86929851909724,TM.TAX.MRCH.SM.AR.ZS,0.978605506721351,3.45006826529855,0.683371022867482,2.23821039650968
9.28038408708109,iso6,-0.82713709627372,TM.TAX.MRCH.SM.AR.ZS,0.978605506721351,3.45006826529855,0.683371022867482,2.23821039650968
9.28038408708109,iso6,-0.7849756734502,TM.TAX.MRCH.SM.AR.ZS,0.978605506721351,3.45006826529855,0.683371022867482,2.23821039650968
9.28038408708109,iso6,-0.74281425062668,TM.TAX.MRCH.SM.AR.ZS,0.978605506721351,3.45006826529855,0.683371022867482,2.23821039650968
9.28038408708109,iso6,-0.70065282780316,TM.TAX.MRCH.SM.AR.ZS,0.978605506721351,3.45006826529855,0.683371022867482,2.23821039650968
9.28038408708109,iso6,-0.65849140497964,TM.TAX.MRCH.SM.AR.ZS,0.978605506721351,3.45006826529855,0.683371022867482,2.23821039650968
9.28038408708109,iso6,-0.61632998215612,TM.TAX.MRCH.SM.AR.ZS,0.978605506721351,3.45006826529855,0.683371022867482,2.23821039650968
9.28038408708109,iso6,-0.5741685593326,TM.TAX.MRCH.SM.AR.ZS,0.978605506721351,3.45006826529855,0.683371022867482,2.23821039650968
9.28038408708109,iso6,-0.53200713650908,TM.TAX.MRCH.SM.AR.ZS,0.978605506721351,3.45006826529855,0.683371022867482,2.23821039650968
9.32652856925574,iso6,-0.48984571368556,TM.TAX.MRCH.SM.AR.ZS,0.978605506721351,3.45006826529855,0.683371022867482,2.23821039650968
9.0613036010367,iso6,-0.44768429086204,TM.TAX.MRCH.SM.AR.ZS,0.978605506721351,3.45006826529855,0.683371022867482,2.23821039650968
9.06344560098541,iso6,-0.40552286803852,TM.TAX.MRCH.SM.AR.ZS,0.978605506721351,3.45006826529855,0.683371022867482,2.23821039650968
8.96641360438396,iso6,-0.363361445215,TM.TAX.MRCH.SM.AR.ZS,0.978605506721351,3.45006826529855,0.683371022867482,2.23821039650968
8.68560365584687,iso6,-0.32120002239148,TM.TAX.MRCH.SM.AR.ZS,0.978605506721351,3.45006826529855,0.683371022867482,2.23821039650968
8.53724090185465,iso6,-0.27903859956796,TM.TAX.MRCH.SM.AR.ZS,0.978605506721351,3.45006826529855,0.683371022867482,2.23821039650968
8.48654901584584,iso6,-0.23687717674444,TM.TAX.MRCH.SM.AR.ZS,0.978605506721351,3.45006826529855,0.683371022867482,2.23821039650968
8.4546892570308,iso6,-0.19471575392092,TM.TAX.MRCH.SM.AR.ZS,0.978605506721351,3.45006826529855,0.683371022867482,2.23821039650968
8.42628364667308,iso6,-0.1525543310974,TM.TAX.MRCH.SM.AR.ZS,0.978605506721351,3.45006826529855,0.683371022867482,2.23821039650968
8.39020445838114,iso6,-0.11039290827388,TM.TAX.MRCH.SM.AR.ZS,0.978605506721351,3.45006826529855,0.683371022867482,2.23821039650968
8.32531700391955,iso6,-0.0682314854503601,TM.TAX.MRCH.SM.AR.ZS,0.978605506721351,3.45006826529855,0.683371022867482,2.23821039650968
8.1840056565687,iso6,-0.02607006262684,TM.TAX.MRCH.SM.AR.ZS,0.978605506721351,3.45006826529855,0.683371022867482,2.23821039650968
8.17604482338869,iso6,0.0160913601966799,TM.TAX.MRCH.SM.AR.ZS,0.978605506721351,3.45006826529855,0.683371022867482,2.23821039650968
8.14324541094594,iso6,0.0582527830202,TM.TAX.MRCH.SM.AR.ZS,0.978605506721351,3.45006826529855,0.683371022867482,2.23821039650968
8.11930840315887,iso6,0.10041420584372,TM.TAX.MRCH.SM.AR.ZS,0.978605506721351,3.45006826529855,0.683371022867482,2.23821039650968
8.05298893110201,iso6,0.14257562866724,TM.TAX.MRCH.SM.AR.ZS,0.978605506721351,3.45006826529855,0.683371022867482,2.23821039650968
8.06534106725174,iso6,0.18473705149076,TM.TAX.MRCH.SM.AR.ZS,0.978605506721351,3.45006826529855,0.683371022867482,2.23821039650968
8.10895509677943,iso6,0.22689847431428,TM.TAX.MRCH.SM.AR.ZS,0.978605506721351,3.45006826529855,0.683371022867482,2.23821039650968
8.10895509677943,iso6,0.2690598971378,TM.TAX.MRCH.SM.AR.ZS,0.978605506721351,3.45006826529855,0.683371022867482,2.23821039650968
8.10895509677943,iso6,0.31122131996132,TM.TAX.MRCH.SM.AR.ZS,0.978605506721351,3.45006826529855,0.683371022867482,2.23821039650968
8.08073709023561,iso6,0.35338274278484,TM.TAX.MRCH.SM.AR.ZS,0.978605506721351,3.45006826529855,0.683371022867482,2.23821039650968
8.00236946005561,iso6,0.39554416560836,TM.TAX.MRCH.SM.AR.ZS,0.978605506721351,3.45006826529855,0.683371022867482,2.23821039650968
8.08548093738178,iso6,0.43770558843188,TM.TAX.MRCH.SM.AR.ZS,0.978605506721351,3.45006826529855,0.683371022867482,2.23821039650968
8.08548093738178,iso6,0.4798670112554,TM.TAX.MRCH.SM.AR.ZS,0.978605506721351,3.45006826529855,0.683371022867482,2.23821039650968
8.10721199554388,iso6,0.52202843407892,TM.TAX.MRCH.SM.AR.ZS,0.978605506721351,3.45006826529855,0.683371022867482,2.23821039650968
7.61833022179315,iso6,0.56418985690244,TM.TAX.MRCH.SM.AR.ZS,0.978605506721351,3.45006826529855,0.683371022867482,2.23821039650968
7.65655742430741,iso6,0.60635127972596,TM.TAX.MRCH.SM.AR.ZS,0.978605506721351,3.45006826529855,0.683371022867482,2.23821039650968
7.52792617372149,iso6,0.64851270254948,TM.TAX.MRCH.SM.AR.ZS,0.978605506721351,3.45006826529855,0.683371022867482,2.23821039650968
7.52792617372149,iso6,0.690674125373,TM.TAX.MRCH.SM.AR.ZS,0.978605506721351,3.45006826529855,0.683371022867482,2.23821039650968
7.52792617372149,iso6,0.73283554819652,TM.TAX.MRCH.SM.AR.ZS,0.978605506721351,3.45006826529855,0.683371022867482,2.23821039650968
7.52792617372149,iso6,0.77499697102004,TM.TAX.MRCH.SM.AR.ZS,0.978605506721351,3.45006826529855,0.683371022867482,2.23821039650968
7.52792617372149,iso6,0.81715839384356,TM.TAX.MRCH.SM.AR.ZS,0.978605506721351,3.45006826529855,0.683371022867482,2.23821039650968
7.52792617372149,iso6,0.85931981666708,TM.TAX.MRCH.SM.AR.ZS,0.978605506721351,3.45006826529855,0.683371022867482,2.23821039650968
7.52792617372149,iso6,0.9014812394906,TM.TAX.MRCH.SM.AR.ZS,0.978605506721351,3.45006826529855,0.683371022867482,2.23821039650968
7.52792617372149,iso6,0.94364266231412,TM.TAX.MRCH.SM.AR.ZS,0.978605506721351,3.45006826529855,0.683371022867482,2.23821039650968
7.52792617372149,iso6,0.98580408513764,TM.TAX.MRCH.SM.AR.ZS,0.978605506721351,3.45006826529855,0.683371022867482,2.23821039650968
7.52792617372149,iso6,1.02796550796116,TM.TAX.MRCH.SM.AR.ZS,0.978605506721351,3.45006826529855,0.683371022867482,2.23821039650968
7.52792617372149,iso6,1.07012693078468,TM.TAX.MRCH.SM.AR.ZS,0.978605506721351,3.45006826529855,0.683371022867482,2.23821039650968
10.1774898585581,iso7,-0.974220514696307,TM.TAX.MRCH.SM.AR.ZS,0,3.45006826529855,0.683371022867482,2.23821039650968
10.1774898585581,iso7,-0.936938982305546,TM.TAX.MRCH.SM.AR.ZS,0,3.45006826529855,0.683371022867482,2.23821039650968
10.1774898585581,iso7,-0.899657449914785,TM.TAX.MRCH.SM.AR.ZS,0,3.45006826529855,0.683371022867482,2.23821039650968
10.1774898585581,iso7,-0.862375917524025,TM.TAX.MRCH.SM.AR.ZS,0,3.45006826529855,0.683371022867482,2.23821039650968
10.1774898585581,iso7,-0.825094385133264,TM.TAX.MRCH.SM.AR.ZS,0,3.45006826529855,0.683371022867482,2.23821039650968
10.1774898585581,iso7,-0.787812852742503,TM.TAX.MRCH.SM.AR.ZS,0,3.45006826529855,0.683371022867482,2.23821039650968
10.1774898585581,iso7,-0.750531320351742,TM.TAX.MRCH.SM.AR.ZS,0,3.45006826529855,0.683371022867482,2.23821039650968
9.46525440799183,iso7,-0.713249787960982,TM.TAX.MRCH.SM.AR.ZS,0,3.45006826529855,0.683371022867482,2.23821039650968
8.95008922809082,iso7,-0.675968255570221,TM.TAX.MRCH.SM.AR.ZS,0,3.45006826529855,0.683371022867482,2.23821039650968
8.95008922809082,iso7,-0.63868672317946,TM.TAX.MRCH.SM.AR.ZS,0,3.45006826529855,0.683371022867482,2.23821039650968
8.95008922809082,iso7,-0.601405190788699,TM.TAX.MRCH.SM.AR.ZS,0,3.45006826529855,0.683371022867482,2.23821039650968
8.95008922809082,iso7,-0.564123658397939,TM.TAX.MRCH.SM.AR.ZS,0,3.45006826529855,0.683371022867482,2.23821039650968
8.95008922809082,iso7,-0.526842126007178,TM.TAX.MRCH.SM.AR.ZS,0,3.45006826529855,0.683371022867482,2.23821039650968
8.95008922809082,iso7,-0.489560593616417,TM.TAX.MRCH.SM.AR.ZS,0,3.45006826529855,0.683371022867482,2.23821039650968
9.12496800099903,iso7,-0.452279061225656,TM.TAX.MRCH.SM.AR.ZS,0,3.45006826529855,0.683371022867482,2.23821039650968
9.12496800099903,iso7,-0.414997528834896,TM.TAX.MRCH.SM.AR.ZS,0,3.45006826529855,0.683371022867482,2.23821039650968
8.98892262968093,iso7,-0.377715996444135,TM.TAX.MRCH.SM.AR.ZS,0,3.45006826529855,0.683371022867482,2.23821039650968
8.86057940256979,iso7,-0.340434464053374,TM.TAX.MRCH.SM.AR.ZS,0,3.45006826529855,0.683371022867482,2.23821039650968
8.84500525259847,iso7,-0.303152931662613,TM.TAX.MRCH.SM.AR.ZS,0,3.45006826529855,0.683371022867482,2.23821039650968
8.59395787447535,iso7,-0.265871399271852,TM.TAX.MRCH.SM.AR.ZS,0,3.45006826529855,0.683371022867482,2.23821039650968
8.59395787447535,iso7,-0.228589866881092,TM.TAX.MRCH.SM.AR.ZS,0,3.45006826529855,0.683371022867482,2.23821039650968
8.59341129248233,iso7,-0.191308334490331,TM.TAX.MRCH.SM.AR.ZS,0,3.45006826529855,0.683371022867482,2.23821039650968
8.58953154278765,iso7,-0.15402680209957,TM.TAX.MRCH.SM.AR.ZS,0,3.45006826529855,0.683371022867482,2.23821039650968
8.5852709967161,iso7,-0.116745269708809,TM.TAX.MRCH.SM.AR.ZS,0,3.45006826529855,0.683371022867482,2.23821039650968
8.58334892569145,iso7,-0.0794637373180487,TM.TAX.MRCH.SM.AR.ZS,0,3.45006826529855,0.683371022867482,2.23821039650968
8.56452432161137,iso7,-0.042182204927288,TM.TAX.MRCH.SM.AR.ZS,0,3.45006826529855,0.683371022867482,2.23821039650968
8.47537904442828,iso7,-0.00490067253652715,TM.TAX.MRCH.SM.AR.ZS,0,3.45006826529855,0.683371022867482,2.23821039650968
8.45707307297879,iso7,0.0323808598542337,TM.TAX.MRCH.SM.AR.ZS,0,3.45006826529855,0.683371022867482,2.23821039650968
8.43491098594559,iso7,0.0696623922449944,TM.TAX.MRCH.SM.AR.ZS,0,3.45006826529855,0.683371022867482,2.23821039650968
8.43080549380096,iso7,0.106943924635755,TM.TAX.MRCH.SM.AR.ZS,0,3.45006826529855,0.683371022867482,2.23821039650968
8.21962367859721,iso7,0.144225457026516,TM.TAX.MRCH.SM.AR.ZS,0,3.45006826529855,0.683371022867482,2.23821039650968
8.21962367859721,iso7,0.181506989417277,TM.TAX.MRCH.SM.AR.ZS,0,3.45006826529855,0.683371022867482,2.23821039650968
8.00682013451206,iso7,0.218788521808037,TM.TAX.MRCH.SM.AR.ZS,0,3.45006826529855,0.683371022867482,2.23821039650968
8.00682013451206,iso7,0.256070054198798,TM.TAX.MRCH.SM.AR.ZS,0,3.45006826529855,0.683371022867482,2.23821039650968
7.91855301019766,iso7,0.293351586589559,TM.TAX.MRCH.SM.AR.ZS,0,3.45006826529855,0.683371022867482,2.23821039650968
7.91855301019766,iso7,0.33063311898032,TM.TAX.MRCH.SM.AR.ZS,0,3.45006826529855,0.683371022867482,2.23821039650968
7.91855301019766,iso7,0.367914651371081,TM.TAX.MRCH.SM.AR.ZS,0,3.45006826529855,0.683371022867482,2.23821039650968
7.91399016755681,iso7,0.405196183761841,TM.TAX.MRCH.SM.AR.ZS,0,3.45006826529855,0.683371022867482,2.23821039650968
7.82245365884113,iso7,0.442477716152602,TM.TAX.MRCH.SM.AR.ZS,0,3.45006826529855,0.683371022867482,2.23821039650968
7.74190292847897,iso7,0.479759248543363,TM.TAX.MRCH.SM.AR.ZS,0,3.45006826529855,0.683371022867482,2.23821039650968
7.74190292847897,iso7,0.517040780934124,TM.TAX.MRCH.SM.AR.ZS,0,3.45006826529855,0.683371022867482,2.23821039650968
7.74190292847897,iso7,0.554322313324884,TM.TAX.MRCH.SM.AR.ZS,0,3.45006826529855,0.683371022867482,2.23821039650968
7.73855018013881,iso7,0.591603845715645,TM.TAX.MRCH.SM.AR.ZS,0,3.45006826529855,0.683371022867482,2.23821039650968
7.73855018013881,iso7,0.628885378106406,TM.TAX.MRCH.SM.AR.ZS,0,3.45006826529855,0.683371022867482,2.23821039650968
7.39219015332952,iso7,0.666166910497167,TM.TAX.MRCH.SM.AR.ZS,0,3.45006826529855,0.683371022867482,2.23821039650968
7.27113976332351,iso7,0.703448442887927,TM.TAX.MRCH.SM.AR.ZS,0,3.45006826529855,0.683371022867482,2.23821039650968
7.27113976332351,iso7,0.740729975278688,TM.TAX.MRCH.SM.AR.ZS,0,3.45006826529855,0.683371022867482,2.23821039650968
7.27113976332351,iso7,0.778011507669449,TM.TAX.MRCH.SM.AR.ZS,0,3.45006826529855,0.683371022867482,2.23821039650968
7.27113976332351,iso7,0.81529304006021,TM.TAX.MRCH.SM.AR.ZS,0,3.45006826529855,0.683371022867482,2.23821039650968
7.27113976332351,iso7,0.85257457245097,TM.TAX.MRCH.SM.AR.ZS,0,3.45006826529855,0.683371022867482,2.23821039650968
7.27113976332351,iso7,0.889856104841731,TM.TAX.MRCH.SM.AR.ZS,0,3.45006826529855,0.683371022867482,2.23821039650968
